1,1,34.48,12.15
2,3,39.78,10.48
3,2,7.7,2.37
4,3,27.46,7.79
5,1,25.31,7.97
6,1,28.31,8.77
7,3,21.44,7.08
8,2,23.15,6.8
9,3,28.08,7.28
10,2,9.91,3.69
11,1,26.74,7.4
12,3,26.45,7.91
13,3,35.66,11.86
14,2,31.62,8.47
15,1,22.34,6.5
16,1,24.57,8.92
17,3,17.56,5.17
18,1,33.61,10.25
19,2,23.11,5.79
20,1,22.37,5.71
21,2,30.12,9.75
22,1,25.93,6.59
23,2,31.5,10.17
24,3,22.28,7.24
25,1,18.77,5.52
26,3,34.05,10.4
27,1,31.76,10.22
28,2,18.83,7.01
29,1,27.18,10.05
30,1,20.8,5.95
31,1,22.15,8.33
32,1,38.1,11.45
33,1,27.85,7.24
34,1,22,6.26
35,3,30.49,8.18
36,1,27.1,7.86
37,1,22.77,5.32
38,3,33.22,10.79
39,2,31.48,7.31
40,2,18.23,4.89
41,1,38.15,11.76
42,1,37.1,11.79
43,1,37.48,10.89
44,1,12.6,3.74
45,1,20.25,6.84
46,1,25.91,8.8
47,1,22.06,7.14
48,2,35.55,9.75
49,1,23.3,6.85
50,3,25.46,6.73
51,3,31.37,9.56
52,3,21.76,6.75
53,3,30.18,8.04
54,1,30.64,9.57
55,1,18.96,5.85
56,3,33.3,8.92
57,1,31.44,8.53
58,2,22.1,5.83
59,1,29.03,7.27
60,1,28.11,11.04
61,2,19.76,5.57
62,3,28.11,8.94
63,3,31.67,10.18
64,3,31.28,9.69
65,3,16.98,5.32
66,2,28.73,8.89
67,2,37.59,10.96
68,1,22.94,6.74
69,1,31.06,10.07
70,1,34.32,11.08
71,1,35.74,9.57
72,1,26.03,8.24
73,1,28.67,10.69
74,2,27.01,7.83
75,1,25.36,8.06
76,2,23,6.07
77,1,23.24,5.96
78,2,29.42,9.71
79,2,30.76,8.8
80,3,27.7,7.38
81,1,25.78,8.22
82,1,31.72,8.96
83,1,37.52,12.53
84,1,23.17,7.44
85,1,28.42,7.17
86,2,10.41,3.55
87,1,18.43,4.94
88,2,36.45,12.27
89,1,25.27,7.94
90,2,28.7,9
91,1,31.25,9.98
92,3,15.55,4.73
93,1,19.94,4.71
94,1,28.56,8.4
95,1,32.99,11.05
96,3,42.08,13.1
97,1,17.4,5.46
98,3,27.75,7.79
99,2,28.36,7.84
100,2,26.07,8.25
101,1,42.5,12.25
102,1,23.05,5.66
103,1,25.89,7.05
104,1,35.23,10.97
105,1,34.36,10.51
106,3,30.3,9.67
107,1,21.59,6.54
108,1,11.71,3.67
109,3,25.99,6.18
110,1,28.41,10
111,3,26.35,8.08
112,3,22.75,6.24
113,1,24.99,6.43
114,2,38.48,11.09
115,1,30.79,7.83
116,1,16.46,4.21
117,3,25.5,7.83
118,1,26.75,7.82
119,2,31.21,7.3
120,3,28.11,8.68
121,2,20.91,6.51
122,1,27.01,9.06
123,1,27.99,7.7
124,1,26.15,7.04
125,1,24.62,7.32
126,1,31.37,8.77
127,1,23.23,8.22
128,1,25.06,9.28
129,2,25.69,8.75
130,1,19.9,7.25
131,1,31.11,9.59
132,3,34.18,8.24
133,3,22.63,6.56
134,1,29.16,9.13
135,3,36.24,11.82
136,2,23.44,6.72
137,1,17.97,5.16
138,1,24.72,8.06
139,3,21.32,5.94
140,3,26.26,5.79
141,1,22.13,6.12
142,2,26.62,6.75
143,2,26.63,7.81
144,1,30.48,8.09
145,3,20.58,6.09
146,1,14.52,4.59
147,3,25.15,7.31
148,2,26.65,7.14
149,3,37.76,10.1
150,1,26.35,9.07
151,1,30.41,9.75
152,3,25.29,6.78
153,1,27.43,7
154,3,26.14,8.08
155,1,29.99,7.68
156,1,25.9,7.8
157,1,28.87,6.56
158,3,22.62,7.77
159,1,32.22,6.68
160,3,20.8,6.41
161,1,30.14,6.83
162,3,32.21,8.26
163,1,32.58,11.58
164,2,21.05,6.14
165,2,20,6.98
166,1,24.79,7.85
167,1,28.69,9.34
168,1,14.65,4.3
169,1,38.79,13.19
170,1,27.85,6.94
171,2,24.5,8.31
172,2,36.97,8.3
173,1,23.83,7.31
174,1,20.32,5.86
175,1,33.53,11.35
176,2,20.55,7.07
177,3,22.98,8.15
178,3,35.6,10.46
179,2,26.44,6.71
180,1,25.81,8.31
181,2,9.89,2.89
182,2,38.36,12.02
183,3,33.96,9.99
184,1,26.06,7.79
185,2,25.67,6.72
186,1,23.86,6.79
187,1,31.09,8.6
188,2,30.04,9.25
189,1,27.54,9.7
190,2,24.65,6.7
191,3,29.99,9.32
192,1,30.86,9.44
193,1,37.01,11.08
194,1,28.44,9.21
195,2,24.14,7.18
196,1,23.07,7.37
197,1,21.16,5.8
198,3,30.82,10.45
199,1,33.33,9.97
200,2,24.78,7.16
201,1,34.01,8.94
202,1,24.23,6.81
203,3,31.69,9.35
204,1,31.12,8.42
205,1,39.18,13.17
206,2,31.34,9.23
207,3,18.06,5.58
208,3,31.61,10.02
209,2,33.45,9.15
210,3,28.81,10
211,1,30.64,7.34
212,1,23.89,6.96
213,1,29.07,7.32
214,2,36.24,8.4
215,1,32.65,7.63
216,3,29.66,8.22
217,3,36.63,11.29
218,3,22.25,5.16
219,1,30.75,10.25
220,1,27.6,6.98
221,1,27.35,7.8
222,2,20.95,7.19
223,1,30.23,9.39
224,2,41.99,12.93
225,3,25.16,7.11
226,2,23.93,7.44
227,2,37.82,10.57
228,1,27.17,8.92
229,1,39.6,10.14
230,1,31.95,9.32
231,1,25.58,8.34
232,1,16.92,4.11
233,1,26.92,7.54
234,1,32.07,10.39
235,1,25.18,8.51
236,1,25.24,6.8
237,1,23.09,6.29
238,1,28.09,9.94
239,1,27.55,10.2
240,1,26.43,8.03
241,1,26.56,7.99
242,1,26.14,7.16
243,1,27.26,8.53
244,1,20.99,6.93
245,3,36.86,9.88
246,3,22.08,7.34
247,2,29.12,8.14
248,1,25.49,6.67
249,2,30.04,10.37
250,3,38.31,9.34
251,1,22.98,6.21
252,2,19.54,7.39
253,1,19.49,5.94
254,1,33.47,10.31
255,2,9.43,2.4
256,1,32.4,9.63
257,1,37.91,11.05
258,2,21.17,9.01
259,2,31.52,10.01
260,2,20.32,4.41
261,1,26.57,9.4
262,1,29.74,7.3
263,1,27.2,7.97
264,3,36.99,9.46
265,3,23.64,6.4
266,3,31.46,9.65
267,1,26.92,7.42
268,3,31.51,8.62
269,3,28.11,7.63
270,1,25.17,7.06
271,1,30.09,8.72
272,2,27.05,8.42
273,2,26.99,8.27
274,1,19.5,5.79
275,1,38.1,11.03
276,3,32.6,10.85
277,1,31.01,8.24
278,1,24.5,6.01
279,3,34.2,9.89
280,3,23.04,6.97
281,2,21.92,6.18
282,2,22.85,7.13
283,2,14.55,3.46
284,1,24.91,7.23
285,1,28.34,9.04
286,1,32.76,11.79
287,2,33.7,10.13
288,1,26.47,7.01
289,1,24.67,6.7
290,1,34.23,12.15
291,1,26.71,8.4
292,1,33.74,8.12
293,1,36.71,11.82
294,3,29.22,8.44
295,3,28.68,9.5
296,1,30.85,6.79
297,1,29.55,10.81
298,1,23.46,6.92
299,1,45.5,15.44
300,1,30.01,8.02
301,1,28.79,8.48
302,3,25.83,7.64
303,1,36.9,11.08
304,1,22.8,7.58
305,1,33.63,9.6
306,2,20.62,6.61
307,1,27.74,9.32
308,3,25.72,5.94
309,1,21.81,7.34
310,3,24.47,7.24
311,1,33.57,10.15
312,1,29.37,9.04
313,3,30.17,9.49
314,2,22.07,6.07
315,1,29.72,10.32
316,1,28.06,9.22
317,1,26.88,8.53
318,1,22.15,5.99
319,1,29.38,9.87
320,2,22.53,5.94
321,1,29.57,9.67
322,3,30.55,10.27
323,1,35.38,9.9
324,3,30.84,9.45
325,1,25.04,6.57
326,1,28.99,7.93
327,1,26.41,9
328,1,19.88,6.68
329,1,27.21,8.82
330,1,28.28,7.54
331,2,31.4,8.56
332,1,29.82,10
333,3,27.84,9.19
334,2,27.59,9.51
335,1,30.19,9.83
336,2,31.27,7.49
337,1,24.18,7.4
338,2,29.11,8.25
339,3,26.6,7.82
340,2,29.2,10.01
341,3,34.3,10.21
342,2,28.56,8.47
343,1,29.44,9.91
344,3,32,9.06
345,1,26.48,6.89
346,1,30.59,8.16
347,3,29.59,10.02
348,3,32.12,7.97
349,2,21.33,5.95
350,2,32.81,10.11
351,2,18.58,5.95
352,1,30.18,9.37
353,1,24.49,6.28
354,1,23.88,6.52
355,1,30.54,6.77
356,2,39.02,12.8
357,2,21.47,6.28
358,3,32.94,10.65
359,1,32.47,9.57
360,2,32.16,7.47
361,3,23.73,5.97
362,2,25.38,7.36
363,3,24.9,8.58
364,2,25.32,9.08
365,1,28.38,8.95
366,3,30.33,8.47
367,1,29.25,8.62
368,1,29.11,8.23
369,3,28.61,10.05
370,3,31.39,8.49
371,1,23.13,6.28
372,1,28.29,8.74
373,1,19.18,6.09
374,1,28.53,8.97
375,2,30.03,11.02
376,1,20.53,5.39
377,1,27.44,8.28
378,1,28.78,9.07
379,2,24.8,7.09
380,1,17.67,5.2
381,3,25.11,7.8
382,3,21.25,6.93
383,3,28.6,8.49
384,1,31.61,7.33
385,2,21.52,8.12
386,1,29.5,10.08
387,1,29.67,8.52
388,1,22.31,6.97
389,2,27.96,8.47
390,2,20.32,6.68
391,3,26.76,7.59
392,3,31.68,10.46
393,3,33.66,8.39
394,2,31.98,10.37
395,1,29.73,8.34
396,1,22.01,6.23
397,2,22.1,6.54
398,1,33.47,10.8
399,2,25.4,6.15
400,2,27.29,8.06
401,1,28.37,7.94
402,1,25.09,5.84
403,1,28.95,7.76
404,1,26.89,6.56
405,2,25.35,8.13
406,3,36.59,11.57
407,1,23.39,6.66
408,3,34.29,9.6
409,3,24.63,7.03
410,1,32.21,11.02
411,1,31.34,9.68
412,1,36.38,11.19
413,1,31.59,10
414,3,23.8,8.14
415,3,38.21,13.82
416,2,24.72,7.88
417,1,27.46,7.87
418,2,20.72,7.36
419,3,34.94,11.59
420,2,28.19,9.03
421,2,32.95,11.01
422,1,26.97,8.77
423,2,29.79,7.73
424,1,28.98,6.37
425,2,33.39,9.36
426,3,19.15,6.03
427,3,21.83,6.96
428,1,23.51,6.32
429,2,30.19,8.95
430,1,24.88,6.39
431,2,25.63,7.84
432,1,28.27,8.46
433,1,33.13,10.29
434,1,30.34,10.21
435,1,28.7,10.29
436,1,31.34,11.48
437,1,33.98,8.39
438,1,31.43,8.97
439,1,35.58,11.46
440,1,39.44,11.74
441,1,23.25,8.27
442,1,32.72,9.53
443,2,14.45,4.09
444,2,27.43,6.94
445,3,33.21,8.59
446,1,29.55,9.57
447,2,31.14,10.13
448,1,28.22,8.5
449,1,33.15,8.5
450,1,23.67,8.3
451,1,19.97,6.23
452,1,29.91,9.51
453,3,33.11,9.14
454,1,22.96,7.34
455,1,32.3,8.34
456,1,28.75,6.98
457,3,26.55,7.16
458,1,26.99,9.98
459,1,29.81,8.08
460,1,33.61,10.17
461,1,27.77,8.42
462,1,32.79,11.79
463,1,31.65,8.17
464,1,23.12,7.4
465,1,30.93,9.38
466,2,25.96,8.32
467,2,30.18,8.69
468,3,24.94,7.24
469,3,30.01,7.77
470,2,31.74,5.2
471,1,27.37,7.13
472,3,33.54,10.45
473,2,23.97,6.1
474,1,26.92,9.43
475,1,31.94,9.34
476,1,22.76,5.43
477,1,31.88,7.97
478,1,25.48,7.54
479,2,30.67,9.72
480,3,22.67,6.42
481,2,29.86,9.59
482,1,26.12,8.37
483,1,34.26,9.42
484,1,21.05,5.78
485,1,30.93,10.36
486,2,26.48,9.11
487,1,24.98,8.03
488,2,18.91,6.33
489,2,21.6,6.28
490,3,29.62,9.25
491,1,35.63,9.84
492,1,32.09,7.98
493,1,35.55,11.4
494,1,30.44,9.31
495,1,33.85,9.73
496,1,17.85,4.63
497,3,28.08,7.1
498,3,25.61,7.44
499,3,29.05,9.14
500,1,35.18,9.2
501,3,19.82,8.27
502,1,25.14,8.52
503,1,19.47,5.56
504,2,23.83,6.51
505,3,20.22,6.82
506,1,29.35,9.83
507,3,19.8,5.97
508,1,33.72,10.64
509,1,40.38,10.44
510,1,27.27,7.3
511,1,25.88,7.91
512,1,38.14,11.49
513,2,31.8,9.51
514,2,28.32,9.75
515,2,34.26,9.98
516,3,27.79,8
517,3,26.15,8.33
518,1,35.39,11.62
519,1,22.27,5.53
520,2,26.57,8.62
521,1,29.57,8.43
522,1,23.72,8.1
523,1,26.37,9.04
524,1,17.36,5.6
525,1,34.96,11.21
526,1,22.83,7.93
527,2,28.11,11.11
528,1,33.57,10.94
529,1,24.77,6.97
530,3,39.13,10.99
531,1,28.04,8.45
532,2,28.35,7.58
533,1,35.52,6.67
534,3,28.07,7.94
535,3,21.73,6.58
536,1,27.28,6.59
537,3,23.93,7.64
538,2,28.11,6.9
539,1,26.32,8.09
540,1,24.94,7.14
541,3,26.91,6.83
542,1,23.68,7.32
543,1,22.62,7.39
544,3,24.13,7.12
545,1,29.87,10.58
546,3,35.89,10.46
547,2,31.42,10.63
548,1,33.16,10.06
549,1,29.79,8.96
550,3,23.39,6.88
551,1,30.96,8.94
552,1,28.96,8.9
553,1,26.76,5.86
554,1,34.57,9.05
555,2,24.3,7.48
556,3,27.15,7.58
557,1,36.98,11.26
558,1,29.6,9.06
559,1,32.35,10.96
560,1,26.3,7.76
561,1,24.34,6.7
562,1,15.27,5.46
563,2,27.3,10.81
564,1,18.97,5.55
565,3,36.97,12.07
566,1,28.68,7.8
567,1,22.4,6.24
568,1,29.33,9.13
569,2,25.22,7.54
570,1,25.7,7.03
571,2,25.79,8.16
572,1,29.15,9.17
573,2,32.05,10.2
574,1,27.24,9.63
575,2,30.55,8.99
576,2,22.13,6.11
577,1,32.56,9.06
578,2,16.95,4.71
579,1,31.48,7.78
580,3,23.33,4.85
581,2,28.13,6.31
582,1,34.05,8.66
583,1,33.7,9.07
584,3,41.29,11.76
585,1,29.49,9.26
586,1,34.21,9.02
587,1,34.11,11.38
588,2,24.23,8.93
589,1,28.65,7.59
590,1,24.33,6.38
591,1,29.26,10.96
592,2,40.28,11.94
593,1,32.29,9.06
594,1,28.27,7.18
595,1,30.44,10.12
596,3,29.21,8.17
597,3,25.56,8.88
598,1,31.82,10.82
599,1,42.07,13.05
600,2,24.27,4.73
601,1,29.63,9.78
602,2,24.89,7.26
603,2,11.79,3.57
604,1,34.08,9.69
605,1,29.47,9.71
606,3,24.41,7.47
607,1,37.44,12.49
608,3,32.06,11.03
609,1,23.36,8.04
610,1,35.79,12.19
611,3,23.33,6.59
612,1,34.89,9.22
613,2,28.38,6.39
614,2,26.52,7.14
615,2,26.17,8.06
616,3,28.56,9.59
617,1,25.68,9.62
618,1,24.75,5.79
619,1,26.73,7.64
620,3,21.9,5.42
621,2,25.7,6.51
622,2,28.06,6.86
623,3,32.74,8.35
624,1,27.54,6.22
625,2,21.2,4.63
626,1,25.26,8.24
627,1,25.52,7.67
628,2,31.88,9.35
629,3,29,8.56
630,1,30.8,8.57
631,1,29.7,7.63
632,1,21.23,7.15
633,3,32.66,10.2
634,1,22.77,6.86
635,3,27.94,8.39
636,1,34.52,10.31
637,1,27.48,8.42
638,1,32.26,6.47
639,1,20.92,6.93
640,1,21.05,6.62
641,1,25.72,7.04
642,1,29.52,9.08
643,1,22.13,7.55
644,1,34.47,10.2
645,1,25.71,8.08
646,2,36.14,10.71
647,1,31.71,11.77
648,2,30.67,10.14
649,2,34.85,8.9
650,1,26.97,7.99
651,1,26.46,8.51
652,1,22.44,6.81
653,1,21.83,6.22
654,2,20.57,5.4
655,1,24.39,6.59
656,1,22.87,5.3
657,1,35.73,9.62
658,1,36.88,9.52
659,1,29.06,8.11
660,3,22.4,6.75
661,2,17.51,5.41
662,2,32.23,10.82
663,1,25.06,7.41
664,1,23.23,7.92
665,1,19.66,6.94
666,1,26.84,6.67
667,1,28.58,8.73
668,2,23.17,5.41
669,1,28.25,8.41
670,1,31.88,8.65
671,3,22.54,6.29
672,1,20.38,6.08
673,2,15.06,4.41
674,2,32.03,11.09
675,1,19.59,7.02
676,1,17.22,4.77
677,3,23.35,5.84
678,2,26.78,7.7
679,1,28.14,8.07
680,1,24.06,7.25
681,3,33.67,10.45
682,1,24.76,7.45
683,1,23.06,6
684,1,30.06,10.53
685,3,24.69,6.06
686,1,19.15,5.92
687,1,23.38,7.9
688,1,30.69,8.21
689,2,21.68,6.84
690,1,31.65,8.69
691,1,22.85,7.13
692,3,21.94,6.69
693,2,35.14,9.9
694,1,22.69,5.54
695,2,23.18,7.16
696,1,26.41,8.45
697,1,30.38,10.48
698,1,35.01,9.69
699,1,28.2,7.98
700,1,24.17,7.94
701,1,23.93,7.7
702,2,24.29,6.77
703,1,35.14,11.3
704,1,17.79,6.18
705,3,25.26,8.19
706,1,20.73,5.37
707,2,23.18,6.13
708,3,20.87,5.23
709,2,35.02,11.57
710,2,24.39,7.26
711,2,27.01,8.6
712,1,22.28,6.05
713,1,23.33,6.64
714,1,28.88,8.97
715,3,36.55,11.35
716,2,26.64,7.51
717,3,21.3,7.41
718,1,25.23,8.16
719,3,24.04,5.71
720,3,29.81,8.92
721,3,20.69,6.38
722,1,24.99,7.37
723,1,27.14,5.59
724,1,24.45,8.32
725,1,28.67,9.32
726,1,30.93,9.16
727,2,39.58,10.86
728,1,28.39,9.74
729,2,30.71,10.34
730,1,33.87,10.5
731,2,18.12,4.54
732,1,33.95,9.01
733,3,24.19,6.44
734,3,26.81,8.4
735,3,26.79,7.8
736,2,25.17,7.66
737,1,31.6,9.31
738,1,36.93,8.8
739,1,31.75,10.05
740,1,27.58,5.75
741,1,27.93,10.08
742,2,28.55,8.01
743,2,21.89,6.73
744,1,33.36,11.14
745,1,25.2,7.25
746,2,28.37,7.65
747,2,29.95,9.05
748,1,30.74,7.63
749,3,21.68,5.64
750,2,32.34,10.52
751,2,22.51,7.01
752,1,19.27,6.32
753,1,27.23,8.11
754,3,32.75,9.66
755,3,24.98,7.6
756,1,17.4,5.52
757,2,24.75,6.96
758,2,23.15,6.42
759,1,25,7.24
760,2,35.91,11.77
761,2,26.47,7.27
762,2,19.45,4.89
763,1,31.32,8.4
764,2,24.02,8.27
765,1,24.47,7.88
766,1,33.77,10.53
767,1,31.08,8.98
768,3,31.86,9.71
769,1,33.73,10.73
770,1,18.35,5.68
771,3,20.1,5.16
772,3,20.29,5.51
773,3,33.47,7.49
774,1,16.19,4.35
775,1,30.23,8.47
776,1,29.16,7.96
777,3,24.06,5.87
778,1,26.67,6.08
779,1,29.77,7.88
780,1,22.78,6.87
781,2,21.68,6.09
782,2,21.69,6.36
783,2,34.09,9.46
784,1,34.98,13.64
785,1,27.42,7.6
786,3,27.86,9.05
787,3,17.88,4.61
788,2,15.75,4.77
789,2,29.85,9.05
790,1,28.42,8.81
791,2,21.04,6.73
792,1,30.73,8.14
793,3,28.42,8.17
794,2,29.68,8.5
795,1,27.84,7.64
796,1,22.73,6.71
797,1,26.57,9.35
798,1,25.35,7.65
799,3,22.28,7.36
800,1,22.55,6.4
801,1,22.27,8.6
802,3,29.4,9.58
803,1,37.93,14.05
804,2,33.51,10.91
805,3,26.25,9.59
806,1,24.25,6.43
807,1,20.23,5.98
808,1,37.54,12.97
809,3,22.99,7.83
810,3,25.26,9.18
811,1,32.32,10.6
812,3,28.63,7.2
813,3,22.44,6.38
814,1,32.19,10.93
815,2,31.59,9.22
816,3,23.28,7.45
817,1,35.35,10.09
818,3,25.02,8.33
819,1,32.61,9.56
820,3,33.28,11.33
821,3,23.67,8.21
822,3,21.34,6.94
823,1,30.68,11.64
824,1,37.52,8.19
825,1,23.06,8.03
826,1,25.07,6.4
827,1,29.98,7.61
828,1,22.55,7.11
829,3,30.5,9.66
830,1,23.89,6.83
831,1,27.7,7.47
832,1,29.17,7.7
833,1,45.26,15.68
834,1,26.03,8.83
835,1,30.49,10.57
836,1,13.88,3.64
837,1,26.06,8.2
838,1,21.9,5.24
839,1,35.36,10.91
840,2,27.33,9.03
841,1,26.43,8.92
842,1,26.32,8.18
843,3,33.53,10.74
844,1,30.03,11.11
845,1,34.2,9.59
846,1,29.04,9.28
847,1,23.41,6.76
848,1,9.56,2.96
849,1,19.31,6.87
850,3,24.15,8.39
851,1,17.84,5.35
852,2,23.37,6.85
853,3,29.63,10.57
854,1,37.21,10.61
855,1,23.3,7.16
856,2,34.58,10.43
857,1,20.58,6.53
858,1,24.4,6.96
859,2,33.44,9.21
860,3,30.29,8.98
861,3,21.4,5.71
862,1,30.15,9.49
863,1,24.18,6.74
864,1,26.96,7.16
865,1,33.67,11.04
866,2,27.56,9.68
867,1,27.09,7.8
868,1,22.28,6.76
869,1,31.25,12.26
870,1,30.01,8.32
871,1,29.05,7.11
872,2,24.08,7.57
873,1,29.94,10.65
874,1,23.78,7.14
875,1,24.08,7.14
876,1,35,9.84
877,1,26.18,7.04
878,2,25.89,7.73
879,2,26.79,8.2
880,1,28.11,7.67
881,3,31.23,8.3
882,1,27.06,8.7
883,1,23.93,7.36
884,1,29.22,7.63
885,1,26.17,6.48
886,1,24.89,8.22
887,1,26.36,6.71
888,1,31.15,8.93
889,1,25.08,8.6
890,1,30.35,8.84
891,1,18.91,6.03
892,2,32.02,10.97
893,1,13.73,4.04
894,3,15.89,3.96
895,2,17.54,5.27
896,2,34.31,11.19
897,2,35.87,11.14
898,3,25.33,8.64
899,1,29.79,8.16
900,3,33.14,7.95
901,1,25.94,6.49
902,2,28.82,8.23
903,3,25.03,8.52
904,1,20.05,5.63
905,1,28.34,6.13
906,3,22.24,6.5
907,1,27.16,8.2
908,1,23.93,6.52
909,1,27.75,5.75
910,1,22.05,8.45
911,1,32.6,9.47
912,1,28.83,7.28
913,3,24.49,8.25
914,3,21.97,8.27
915,1,20.21,6.43
916,1,24.54,6.84
917,1,28.37,9.74
918,3,29.11,8.42
919,2,28.03,8.67
920,2,34.34,11.42
921,1,28.8,8.76
922,1,25.88,6.68
923,1,32.97,8.51
924,1,34.29,11.73
925,3,31.34,9.15
926,2,32.22,7.17
927,3,26.87,7.06
928,2,17.44,4.55
929,3,29.74,9.39
930,1,23.19,7.34
931,2,25.77,8.09
932,2,21.06,7.21
933,3,26.27,7.58
934,1,25.05,8.04
935,1,28.35,8.38
936,1,17.87,5.78
937,2,24.07,8.28
938,1,19.81,5.35
939,3,23.32,6.93
940,1,26.12,8.08
941,2,30.11,8.73
942,3,35.6,12.61
943,3,18.79,4.38
944,1,30.79,10.02
945,1,22.93,6.79
946,1,23.59,5.73
947,1,26.07,7.49
948,2,26.39,8.27
949,1,23.99,7.42
950,3,22.51,5.83
951,1,23.58,6.7
952,1,25.11,7.02
953,3,28.19,7.61
954,2,34.15,11
955,1,24.55,6.78
956,3,20.74,6.46
957,2,25.57,7.01
958,1,28.35,8.94
959,3,29.66,8.84
960,1,18.84,5.02
961,1,24.69,7.28
962,1,35.85,8.82
963,3,25.17,5.53
964,1,24.96,7.69
965,1,33.8,10.32
966,3,26.97,7.94
967,3,19.28,5.8
968,1,40.62,11.3
969,1,31.38,8.93
970,1,13.51,4.55
971,3,29.04,9.17
972,1,18.92,5.64
973,1,20.47,5.43
974,1,27.28,7.03
975,1,30.33,10.87
976,1,25.15,8.24
977,1,30.26,8.44
978,1,38.62,12.16
979,1,30.45,9.41
980,3,29.24,8.04
981,1,24.07,6.97
982,2,29.11,7.12
983,1,29.97,8.42
984,2,32.46,9.39
985,3,28.45,8.53
986,1,22.51,6.12
987,1,28.76,8.27
988,1,24.82,6.81
989,3,20.73,6.67
990,2,36.62,8.95
991,1,36.51,12.47
992,3,30.36,10.23
993,2,23.28,6.61
994,1,22.96,5.77
995,1,36.26,10.45
996,1,23.66,7.93
997,2,35.05,9.56
998,1,33.88,10.77
999,2,22.45,6.9
1000,2,25.14,6.49
1001,1,29.68,8.89
1002,3,20.38,6.48
1003,1,30.4,8.55
1004,2,18.59,4.33
1005,1,23.23,7.04
1006,1,32.67,10
1007,2,22.05,4.77
1008,2,19.87,6.62
1009,1,16.76,5
1010,1,20.21,6.26
1011,2,37.81,11.43
1012,1,26.08,8.82
1013,3,34.53,11.4
1014,1,27.86,7.2
1015,3,26.62,8.55
1016,3,29.25,8.29
1017,1,21.21,6.7
1018,1,12.17,3.79
1019,2,33.6,10.12
1020,1,23.11,8.41
1021,2,31.15,8.46
1022,3,27.42,7.37
1023,1,23.78,7.15
1024,1,27.06,8.05
1025,2,30.64,8.62
1026,2,16.1,4.84
1027,2,31.74,9.67
1028,1,28.49,10.18
1029,1,27.05,8.59
1030,1,19.46,5.36
1031,1,28.07,8.86
1032,1,29.43,9.32
1033,3,28.62,8.88
1034,3,24.91,6.39
1035,1,33.22,8.69
1036,1,26.36,7.8
1037,1,30.01,7.01
1038,1,28.5,9.41
1039,3,26.67,8.1
1040,1,43.69,12.48
1041,1,27.68,7.71
1042,1,28.12,8.47
1043,1,27.53,7.6
1044,3,38.39,10.22
1045,1,23.91,6.82
1046,2,25.42,9.32
1047,1,26.51,8.25
1048,3,25.92,7.93
1049,2,24.86,8.66
1050,2,30.47,10.03
1051,1,19.01,5.6
1052,2,29.01,8.39
1053,2,22.38,7.73
1054,1,17.86,5.33
1055,2,24.58,6.65
1056,1,34.49,8.61
1057,1,27.08,6.63
1058,1,32.92,10.07
1059,1,24.07,7.19
1060,1,16.37,4.75
1061,1,16.86,5.67
1062,1,28.21,8.26
1063,1,33.49,9.92
1064,1,31.88,10.5
1065,3,12.66,3.6
1066,1,33.42,9.64
1067,2,26.92,9.39
1068,2,35.37,11.75
1069,1,27.64,7.87
1070,3,33.69,7.65
1071,2,30.27,9.54
1072,2,25.15,8.8
1073,1,26.64,9.66
1074,2,30.78,9.89
1075,1,25.04,7.22
1076,1,26.04,6.66
1077,1,31.08,12.56
1078,1,21.99,7.72
1079,3,30.97,9.59
1080,1,31.96,9.24
1081,1,29.83,9.36
1082,2,23.96,8.19
1083,1,38.8,13.91
1084,3,30.81,10.81
1085,3,29.87,9.74
1086,1,32.06,10.96
1087,2,23.67,6.4
1088,1,25.58,8.72
1089,1,31.48,11.24
1090,2,26.87,7.71
1091,1,31.84,10.77
1092,1,30.24,9.52
1093,1,36.78,11.82
1094,1,19.23,6.35
1095,1,19.73,5.95
1096,1,21.29,5.77
1097,3,31.08,9.94
1098,1,22.25,6.37
1099,1,31.2,8.63
1100,1,26.97,7.31
1101,1,31.23,9.08
1102,1,21.96,6.64
1103,1,23.95,5.44
1104,1,30.88,11.05
1105,1,38.71,12.65
1106,2,25.59,9.69
1107,2,41.78,11.63
1108,2,26.08,7.48
1109,1,34.79,10.33
1110,1,30.78,7.99
1111,1,26.6,7.27
1112,1,17.97,5.75
1113,1,25.12,8.67
1114,2,27.32,8.64
1115,1,25.74,5.9
1116,1,24.63,7.49
1117,1,22.67,7.87
1118,1,20.89,4.53
1119,1,23.56,5.95
1120,1,20.3,6.67
1121,1,20.94,7.16
1122,2,19.29,6
1123,1,25.86,9.87
1124,3,14.15,4.02
1125,1,14.25,5.28
1126,1,19.8,6.62
1127,2,35.86,12.04
1128,1,36.47,10.65
1129,2,32.06,9.52
1130,1,42.22,12.5
1131,1,21.33,5.51
1132,3,30.29,9.9
1133,1,30.9,11.89
1134,1,22.46,6.71
1135,1,21.77,6.7
1136,2,23.74,6.84
1137,1,26.83,8.06
1138,1,30.56,8.85
1139,1,20.51,7.17
1140,1,23.51,4.62
1141,2,25.57,7.36
1142,2,33.17,7.73
1143,3,22.95,6.37
1144,1,30.6,10.72
1145,1,20.65,7.95
1146,2,29.31,8
1147,1,16.75,5.94
1148,1,17.99,5.49
1149,2,24.93,6.97
1150,2,25.96,10.19
1151,2,20.07,6.8
1152,1,29.18,8.44
1153,2,25.19,8.45
1154,1,31.47,8.7
1155,1,36.89,8.49
1156,1,25.52,7.11
1157,1,32.03,7.72
1158,1,19.33,5.03
1159,1,35.32,10.13
1160,3,26.26,7.73
1161,1,26.42,7.01
1162,2,23.95,7.99
1163,2,33.39,9.26
1164,1,25.99,7.98
1165,3,29.89,7.95
1166,3,28.17,8.7
1167,1,22.3,8.32
1168,3,31.24,7.95
1169,1,23.08,6.87
1170,1,34.88,12.54
1171,1,26.93,7.93
1172,3,31.44,7.94
1173,3,29.1,7.1
1174,1,30.89,8.76
1175,2,26.57,7.26
1176,1,36.85,9.58
1177,3,37.58,11.59
1178,3,15.19,4.28
1179,1,24.85,6.24
1180,1,30.18,8.1
1181,3,35.88,11.33
1182,2,21.09,6.55
1183,2,28.51,8.53
1184,1,31.26,9.69
1185,1,26.08,7.75
1186,1,29.61,8.84
1187,2,31.04,9.21
1188,2,28.78,6.78
1189,1,27.43,8.58
1190,2,22.07,7.21
1191,3,29.76,9.56
1192,1,31.92,9.46
1193,2,26.77,7.33
1194,1,22.97,6.28
1195,1,19.19,5.77
1196,1,22.27,5.94
1197,1,19.82,6.51
1198,1,27.02,8.56
1199,2,19.34,6.07
1200,3,28.87,9.85
1201,3,25.69,7.43
1202,1,35.12,12.04
1203,1,32.9,10.04
1204,3,32.02,9.71
1205,1,35.2,11.2
1206,1,31.59,8.22
1207,1,27.04,9.26
1208,1,25.26,7.72
1209,2,22.43,7
1210,2,18.51,6.76
1211,1,32.86,10.18
1212,1,31.28,10.89
1213,1,20.9,6.52
1214,1,23.19,7.66
1215,2,24.44,6.62
1216,3,31.46,8.99
1217,1,34.66,10.63
1218,1,26.53,9.32
1219,1,16.64,4.61
1220,1,25.19,7.91
1221,1,25.43,7.39
1222,2,29.31,9.97
1223,1,35.07,9.85
1224,1,35.57,9.9
1225,1,29.05,7.63
1226,1,22.45,6.41
1227,1,20.3,7.27
1228,1,27.89,9.64
1229,1,36.39,9.79
1230,3,30.18,10.6
1231,3,20,6.2
1232,3,30.35,8.05
1233,1,23.96,6.58
1234,1,32.33,8.26
1235,1,32.64,11.1
1236,1,20.97,6.07
1237,1,38.56,13.12
1238,1,27.96,10.44
1239,3,25.89,6.84
1240,3,24.17,7.72
1241,1,27.97,8.11
1242,1,31.58,9.57
1243,3,31.97,9.93
1244,1,25.77,7.21
1245,1,36.84,10.5
1246,1,25.49,6.93
1247,3,25.62,7.79
1248,3,18.24,5.35
1249,3,20.52,6.33
1250,1,37.56,12.24
1251,2,37.14,9.14
1252,3,32.09,8.26
1253,2,28.7,8.97
1254,3,27.94,6.96
1255,1,22.84,7.46
1256,1,29.22,9.33
1257,1,30.27,7.71
1258,1,29.7,8.49
1259,1,20.04,5.94
1260,3,27.77,9.33
1261,1,29.27,8.2
1262,1,29.84,9.45
1263,3,31.32,11.65
1264,1,30.47,9.58
1265,1,29.42,7.53
1266,3,29.65,8.95
1267,1,23.13,8.69
1268,1,22.56,7.37
1269,3,31.67,9.22
1270,1,35.24,11.27
1271,1,23.51,6.54
1272,1,25.28,5.97
1273,1,29.49,8.23
1274,1,25.11,7.79
1275,1,23.08,6.6
1276,1,30.22,8
1277,2,34.57,12.04
1278,1,35.55,12.39
1279,1,26.36,6.35
1280,3,22.45,6.91
1281,1,31.39,11.06
1282,2,34.33,9.88
1283,1,31.55,8.23
1284,2,39.51,13.24
1285,1,24.09,7.61
1286,1,24.66,8.22
1287,1,29.07,8.01
1288,1,31.3,10.57
1289,1,21.56,7.22
1290,1,32.1,12.21
1291,1,21.44,6.62
1292,1,21.24,6.72
1293,1,29.77,6.74
1294,1,29.92,9.26
1295,1,19.16,6.36
1296,3,33.45,10.52
1297,1,18.23,5.54
1298,1,26.92,7.76
1299,1,33.57,13.28
1300,1,31.01,8.79
1301,2,27.25,6.96
1302,1,20.98,5.71
1303,2,20.87,6.02
1304,1,28,10.83
1305,2,22.42,6.91
1306,3,36.39,10.18
1307,2,25.81,9.46
1308,1,37.37,9.59
1309,3,28.95,6.99
1310,2,20.33,6.45
1311,1,32.63,9.19
1312,3,25.5,7.12
1313,1,20.69,6.66
1314,1,27.92,8.21
1315,1,28.33,10.04
1316,2,32.46,10.37
1317,2,29.02,7.8
1318,1,32.23,9.97
1319,1,32.82,10.06
1320,2,26.96,8.3
1321,1,22.08,5.96
1322,1,18.04,5.19
1323,2,31.97,8.03
1324,1,24.67,7.83
1325,3,31.32,8.73
1326,1,31.53,8.34
1327,3,28.77,9.35
1328,1,26.32,9.32
1329,1,26.82,7.86
1330,1,31.32,8.18
1331,1,29.61,10.21
1332,1,28.17,8.86
1333,1,12.49,4.13
1334,1,33.69,11.65
1335,3,28.89,7.47
1336,1,21.92,7.51
1337,1,35.12,11.75
1338,1,31.8,8.42
1339,2,26.28,6.54
1340,2,37.4,11.72
1341,3,30.73,10.73
1342,1,31.78,10.57
1343,1,29.29,8.37
1344,1,23.76,7.59
1345,1,30.64,9.35
1346,1,28.83,8.47
1347,1,21.81,5.83
1348,1,31.22,8.89
1349,1,26.11,8.74
1350,1,33.71,10.55
1351,3,28.15,8.89
1352,1,31.89,9.9
1353,1,24.25,7.78
1354,3,28.62,8.54
1355,3,22.75,7.33
1356,1,15.6,5.13
1357,1,31.24,8.81
1358,2,25.22,8.86
1359,3,29.82,9.89
1360,2,20.07,6.21
1361,1,24.11,8.64
1362,1,33.15,9.94
1363,3,25.27,9.73
1364,1,23.13,6.98
1365,1,26.52,6.69
1366,3,25.85,7.22
1367,1,30.85,8.72
1368,1,30.27,9.1
1369,1,31.01,9.74
1370,3,26.66,8.29
1371,1,25.7,8.56
1372,1,25.37,8.74
1373,1,34.65,10.34
1374,1,34.63,11.09
1375,1,26.18,8.11
1376,3,25.72,10.42
1377,1,34.21,9.73
1378,1,25.31,8.35
1379,1,29.29,8.15
1380,1,38.03,10.23
1381,1,20.63,6.75
1382,3,26.77,7.07
1383,3,18.81,4.7
1384,2,26.99,8.53
1385,2,28.85,9.12
1386,1,25.71,8.23
1387,1,23.09,7.84
1388,1,35.15,10.27
1389,1,29.63,9.25
1390,3,23.17,6.35
1391,2,32.78,10.56
1392,3,29.65,9.31
1393,1,32.26,8.41
1394,3,27.96,7.62
1395,3,25.59,8
1396,2,27.19,8.38
1397,1,28.79,7.2
1398,1,27.06,7.07
1399,1,32.2,9.99
1400,3,37,10.53
1401,1,31.31,8.57
1402,1,22.35,6.51
1403,1,15.64,4.77
1404,1,31.24,13.1
1405,1,18.35,4.32
1406,2,25.05,8.43
1407,3,23.11,8.12
1408,1,23.08,6.57
1409,2,22.51,5.51
1410,1,31.92,10.61
1411,1,32.32,10.15
1412,2,27.18,6.92
1413,3,26.54,8.03
1414,1,31.55,10.05
1415,1,20.09,6.22
1416,1,29.11,8.56
1417,1,19.51,5.52
1418,3,27.24,8.02
1419,3,22.7,6.64
1420,1,31.84,9.71
1421,1,24.89,7.44
1422,2,27.39,9.01
1423,1,29.54,7.31
1424,1,29.85,11.02
1425,1,23.7,7.06
1426,1,29.24,8.83
1427,3,26.25,8.23
1428,1,42.4,13.14
1429,1,21.53,5.73
1430,1,20.24,4.76
1431,2,35.86,12.93
1432,1,25.16,9.44
1433,1,33.46,11.22
1434,1,26.22,7.13
1435,1,22.42,7.25
1436,1,36.98,11.99
1437,3,21.85,6.23
1438,1,21.4,6.77
1439,1,44.43,11.91
1440,1,12.97,3.35
1441,1,21.27,7.41
1442,2,37.04,11.11
1443,2,23.69,7.65
1444,1,32.64,11.82
1445,2,19.04,6.95
1446,1,29.73,7.47
1447,1,16.99,4.82
1448,1,22,6.25
1449,1,31.01,7.3
1450,1,24.54,7
1451,3,23.64,7.52
1452,1,31.57,10.78
1453,1,36.49,10.01
1454,2,20.11,6.76
1455,2,21.94,7.65
1456,1,22.69,8.63
1457,3,31.05,11.6
1458,2,20.18,5.87
1459,2,28.61,8.95
1460,1,22.94,8.01
1461,2,20.71,7.23
1462,1,28.46,8.67
1463,2,20.49,5.37
1464,1,27.95,8.76
1465,1,18.7,5.1
1466,1,28.59,6.78
1467,1,29.11,8.98
1468,3,19.95,7.3
1469,1,37.66,12.36
1470,1,29.14,9.17
1471,1,26.36,8.38
1472,1,24.66,8.01
1473,1,28.16,8.95
1474,1,23.87,7.04
1475,2,20.65,5.87
1476,1,43.88,13.63
1477,1,27.24,9.41
1478,1,25.86,10.12
1479,1,32.48,11.29
1480,1,20.4,5.06
1481,2,27.61,6.8
1482,2,23.94,7.68
1483,3,33.21,9.65
1484,1,35.62,11.01
1485,1,37.58,11.71
1486,2,33.53,9.19
1487,1,17.85,4.73
1488,3,26.84,6.61
1489,1,38.01,11.46
1490,1,26.41,8.86
1491,1,28.37,9.48
1492,2,22.62,6
1493,2,36.04,8.57
1494,1,28.79,8.97
1495,1,35.48,11.41
1496,1,36.4,11.1
1497,3,25.12,8.51
1498,2,33.09,10.47
1499,2,22.93,7.1
1500,3,26.03,8.06
1501,1,27.81,8.49
1502,1,25.13,6.14
1503,2,30.32,9.27
1504,1,29.24,8.39
1505,1,30.07,8.58
1506,3,28.09,8.55
1507,1,44.9,13.63
1508,1,25.77,6.58
1509,1,22,6.24
1510,1,19.13,6.6
1511,1,21.1,5.68
1512,3,24.72,7.83
1513,1,17.62,4.41
1514,3,38.77,13.3
1515,1,18.2,5.24
1516,1,34.72,11.81
1517,1,17.5,4.79
1518,1,27.91,8.72
1519,1,27.68,7.34
1520,1,26.45,8.09
1521,1,24.16,7.38
1522,1,33.54,10.08
1523,1,28.92,9.61
1524,1,22.41,7.81
1525,3,26.47,7.43
1526,3,31.32,7.77
1527,1,27.99,7.21
1528,1,24.96,7.79
1529,3,34.15,11.61
1530,1,34.05,9.21
1531,3,15.36,3.5
1532,1,23.01,6.59
1533,3,26.11,7.06
1534,1,44.78,10.58
1535,3,24.99,7.2
1536,2,24.66,6.82
1537,1,23.65,7.37
1538,1,29.23,8.21
1539,1,25.32,8.17
1540,1,38.95,10.94
1541,2,32.87,10.2
1542,1,32.82,9.55
1543,2,37.34,10.39
1544,3,18.56,4.99
1545,2,35.73,11.38
1546,2,30.53,10
1547,1,35.63,9.75
1548,1,28.94,8.57
1549,1,29,9.88
1550,1,24.3,6.58
1551,2,23.2,6.07
1552,3,29.77,8.05
1553,1,25.45,5.91
1554,1,27.54,9.6
1555,1,32.63,8.63
1556,2,30.73,7.7
1557,2,28.55,8.47
1558,1,28.06,7.94
1559,1,24.39,8.8
1560,1,20.92,5.87
1561,3,27.33,8.67
1562,1,41.96,12.03
1563,1,31.55,8.66
1564,1,28.29,9.77
1565,1,31.64,12.42
1566,2,27.27,7.18
1567,1,26.51,7.05
1568,2,30.09,7.5
1569,3,22.05,6.3
1570,2,29.89,9.59
1571,2,25.82,5.77
1572,1,29.56,9.5
1573,1,25.27,8.66
1574,2,18.25,5.34
1575,2,28.38,7.56
1576,1,29.86,8.62
1577,1,25.06,8.23
1578,1,27.03,7.62
1579,1,30.31,9.94
1580,1,27.77,7.77
1581,2,29.13,10.1
1582,1,27.72,7.27
1583,2,31.68,9.46
1584,1,22.57,6.45
1585,3,28.62,8.06
1586,1,28.5,6.72
1587,2,18.58,5.43
1588,3,20.19,6.33
1589,3,30.92,11.1
1590,3,21.37,6.33
1591,1,30.47,9.89
1592,1,20.18,6
1593,2,30.91,7.8
1594,1,23.44,7.06
1595,1,27.85,7.74
1596,1,23.6,7.42
1597,3,28.93,10.53
1598,1,26.01,9.46
1599,1,23.37,6.21
1600,2,28.02,10.05
1601,1,29.94,7.82
1602,1,24.48,7.05
1603,3,36.07,11.29
1604,1,19.72,6.27
1605,2,34.69,10.97
1606,1,18,4.37
1607,2,16.95,5.3
1608,1,37.65,9.27
1609,2,34.51,11.14
1610,1,24.37,7.47
1611,3,27.51,8.41
1612,1,23.71,7.36
1613,3,23.43,6.96
1614,3,34.32,7.47
1615,1,21.8,6.3
1616,3,26.94,8.11
1617,1,19.53,6.49
1618,2,33.95,7.35
1619,3,25.08,6.51
1620,3,33.24,10.92
1621,3,30.41,9.56
1622,2,32.1,10.3
1623,3,24.73,8.53
1624,1,6.08,2.15
1625,1,28.49,8.81
1626,3,27.66,5.77
1627,3,29.03,8.75
1628,1,25.45,10.53
1629,2,24.73,7.25
1630,2,30.75,9.74
1631,1,28.95,7.4
1632,1,17.43,4.33
1633,1,30.81,8.72
1634,1,19.49,6.91
1635,3,30.75,8.16
1636,2,23.98,7.21
1637,1,28.05,8.98
1638,2,27.63,10.62
1639,2,17.75,4.93
1640,1,25.86,8.31
1641,1,24.92,6.94
1642,2,28.09,7.06
1643,1,36.64,10.23
1644,1,18.24,4.78
1645,1,31.72,8.8
1646,2,25.66,6.73
1647,3,22.37,6.09
1648,1,31.5,8.46
1649,1,31.67,7.88
1650,2,33.91,9.78
1651,2,33.63,9.71
1652,1,38.25,12.11
1653,3,30.05,8.14
1654,1,30.75,8.86
1655,1,34.88,10.65
1656,3,17.49,4.79
1657,2,34.61,9.61
1658,1,27.82,7.76
1659,2,24.75,7.86
1660,3,30.9,9.23
1661,2,28.74,10.17
1662,3,26.32,6.19
1663,1,31.18,9.28
1664,1,24.99,6.76
1665,2,31.53,10.62
1666,2,20.09,5.12
1667,1,19.87,6.17
1668,3,27.13,8.21
1669,1,36.93,10.62
1670,3,40.41,11.42
1671,1,18.99,5.97
1672,1,20.57,5.55
1673,2,25.95,7.91
1674,2,29.75,7.29
1675,1,29.94,7.86
1676,2,34.31,12.4
1677,1,29.48,8.04
1678,1,33.67,10.02
1679,2,25.23,6.9
1680,3,33.53,8.39
1681,1,34.66,11.73
1682,1,18.94,5.13
1683,1,34.08,8.36
1684,3,26.12,8.05
1685,1,30.91,9.05
1686,2,25.39,7.99
1687,1,22.35,6.3
1688,1,30.62,8.46
1689,1,30.94,9.53
1690,1,23.97,7.04
1691,1,36.92,10.37
1692,2,27.74,8.92
1693,1,29.76,7.06
1694,1,37.13,10.42
1695,1,27.35,7.44
1696,3,30.76,9.52
1697,1,22.99,7.14
1698,1,26.65,8.53
1699,2,34.8,10.25
1700,3,17.01,4.7
1701,2,36.8,11.85
1702,1,33.11,9.74
1703,3,27.03,8.71
1704,1,27.18,6.92
1705,2,27.32,6.7
1706,3,19.22,5.05
1707,1,32.36,10.48
1708,3,26.52,7.86
1709,3,45.03,11.72
1710,1,26.04,6.6
1711,1,25.31,8.57
1712,3,19.87,6
1713,3,26.3,7.94
1714,1,31.51,9.46
1715,3,17.89,4.49
1716,3,31.59,11.39
1717,1,21.7,5.85
1718,2,24.47,8.61
1719,3,29.65,9.02
1720,1,29.92,10.25
1721,1,34.87,10.73
1722,1,27.67,9.14
1723,2,21.65,6.79
1724,1,37.35,13.42
1725,1,30.87,9.4
1726,1,22.88,6.97
1727,3,19.65,6.44
1728,1,31.76,7.3
1729,3,30.35,8.91
1730,1,28.58,10.83
1731,2,25.05,5.95
1732,1,25.78,6.97
1733,1,34.39,10.7
1734,2,24.43,7.02
1735,1,35.6,11.22
1736,1,28.48,8.62
1737,1,28.17,6.48
1738,3,33.4,8.4
1739,1,25.43,8.49
1740,3,28.24,8.23
1741,1,24.78,7.45
1742,1,35.95,11.96
1743,1,21.55,8.01
1744,1,37.38,10.46
1745,3,20.35,5.92
1746,1,36.22,8.4
1747,1,28.88,9.17
1748,2,18.28,5.66
1749,1,32.71,11.33
1750,3,32.19,9.32
1751,1,34.22,10
1752,1,27.98,9.1
1753,3,23.79,6.63
1754,3,31.48,7.81
1755,3,21.79,5.94
1756,1,32.81,8.12
1757,1,30.51,9.15
1758,1,30.74,7.84
1759,1,26.34,7.13
1760,1,24.07,7.63
1761,2,26.57,7.75
1762,1,27.07,7.09
1763,1,17.24,7.17
1764,3,23.22,8.39
1765,2,21.64,6.26
1766,1,29.16,8.91
1767,3,41.64,12.52
1768,3,29,11.12
1769,2,22.27,6.07
1770,1,23.52,6.92
1771,3,17.37,4.67
1772,3,26.46,6.53
1773,3,38.08,10.8
1774,1,29.67,10.55
1775,3,28.39,8.16
1776,1,29.71,11.88
1777,3,34.81,11.72
1778,3,33.62,11.04
1779,1,32.1,9.44
1780,2,32.13,9.52
1781,1,33.31,9.6
1782,3,18.21,6.28
1783,3,18.66,5.17
1784,1,31.96,10.51
1785,2,21.77,6.24
1786,2,18.08,7.46
1787,3,28.63,10.93
1788,1,22.87,6.05
1789,3,25.66,7.56
1790,1,23.61,8.32
1791,3,26.59,8.87
1792,3,28.36,8.96
1793,1,31.18,10.43
1794,1,30.53,10.2
1795,2,29.63,9.88
1796,1,28.6,9.36
1797,2,27.68,9.89
1798,1,28.71,7.21
1799,1,23.49,8.02
1800,2,17.27,5.25
1801,2,23.7,6.76
1802,1,19.72,6.09
1803,1,21.65,7.33
1804,1,26.08,10.29
1805,1,33.1,8.64
1806,2,36.75,11.19
1807,2,35.24,10.87
1808,1,21.18,6.27
1809,3,24.04,6.91
1810,1,31.71,9.25
1811,3,29.11,8.43
1812,2,30.18,11.21
1813,1,30.73,7.84
1814,1,22.05,6.68
1815,1,20.94,5.43
1816,3,29.15,8.42
1817,2,25.6,7.16
1818,1,33.83,11.02
1819,3,26.8,8.05
1820,3,28.65,8.92
1821,1,20.88,5.92
1822,1,29.86,11.1
1823,1,32.53,9.48
1824,2,28.03,8.7
1825,3,28.19,8.34
1826,1,25.05,8.52
1827,1,27.4,9.03
1828,3,29.08,8.85
1829,3,19.69,6.64
1830,3,30.99,9.68
1831,1,26.76,9.39
1832,1,39.97,12.88
1833,1,25.64,8.52
1834,1,35.51,13.06
1835,1,28.52,8.09
1836,2,22.91,7.53
1837,3,26.65,8.44
1838,1,31.62,7.74
1839,1,32.55,9.92
1840,1,36.33,12.04
1841,1,22.99,6.87
1842,1,21.61,8.01
1843,3,24.74,7.63
1844,3,29.88,8.5
1845,3,31.9,11
1846,2,24.96,7.18
1847,3,23.15,6.47
1848,1,19.93,6.07
1849,1,33.88,10.94
1850,1,32.32,8.81
1851,2,30.56,9.35
1852,1,28.51,6.1
1853,2,21.34,5.55
1854,3,30.06,8.49
1855,1,22.66,5.76
1856,2,32.61,11.96
1857,3,27.94,8.89
1858,1,21.63,7.43
1859,1,28.61,8.44
1860,1,24.01,8.24
1861,1,38.34,13.84
1862,1,28.42,9.42
1863,1,21.54,6.63
1864,1,29.43,8.52
1865,1,23.07,5
1866,1,17.68,5.95
1867,1,12.31,3.44
1868,2,25.49,6.44
1869,1,20.4,6.46
1870,3,33.61,10.6
1871,1,25.35,8.72
1872,2,33.72,9.38
1873,3,25.01,8.81
1874,1,24.87,9.3
1875,2,27.7,6.77
1876,1,28.28,7.64
1877,1,29.01,10.13
1878,2,28.75,6.84
1879,1,31.31,10.54
1880,3,32.81,11.01
1881,1,28.17,9.08
1882,1,30.25,7.81
1883,1,24.03,7.22
1884,3,24.31,8.3
1885,1,31.44,9.92
1886,1,20.83,5.39
1887,2,13.38,3.64
1888,2,25.92,6.94
1889,1,31.43,9.1
1890,3,39.21,10.92
1891,1,31.41,10.71
1892,1,20.36,6.5
1893,1,24.4,8.63
1894,1,26.85,8.14
1895,1,33.97,10.52
1896,1,26.05,9.25
1897,1,29.74,10.08
1898,3,24.05,7.95
1899,1,21.56,6.25
1900,1,31.45,7.41
1901,1,23.3,7.07
1902,1,21.18,5.83
1903,3,34.85,10.52
1904,3,25.9,6.99
1905,1,31.88,8.2
1906,2,16.14,4.34
1907,2,27.13,8.48
1908,1,39.66,11.1
1909,1,26.51,7.73
1910,3,28.77,7.17
1911,1,33.91,9.4
1912,3,24.62,7.39
1913,1,31.04,8.4
1914,3,23.54,7.58
1915,2,32.9,12.3
1916,1,34.65,11.53
1917,3,26.67,7.34
1918,1,31.29,9.34
1919,1,26.81,9.29
1920,3,23.05,7.43
1921,1,24.55,7.51
1922,1,29.36,7.93
1923,3,25.18,6.19
1924,3,25.77,7.1
1925,1,21.3,8.02
1926,1,26.66,7.18
1927,1,23.37,5.11
1928,1,28.22,9.49
1929,1,28.19,8.41
1930,1,31.79,7.92
1931,1,28.23,9.09
1932,3,30.01,9.45
1933,1,24.74,6.26
1934,3,19.67,6.23
1935,2,28.1,8.39
1936,1,25.94,7.2
1937,3,26.32,8.34
1938,2,27.91,9.45
1939,1,31.97,9.72
1940,3,24.56,9.01
1941,1,23.01,6.64
1942,1,31.88,10.14
1943,1,35.01,10.45
1944,3,35.24,8.88
1945,1,33.16,9.95
1946,2,22.22,8.43
1947,1,22.92,7.13
1948,3,22.83,6.65
1949,1,19.62,6.72
1950,1,30.7,11.7
1951,1,22.36,6.95
1952,2,23.22,6.45
1953,1,28.21,9
1954,3,36.88,14.11
1955,2,31.28,10.43
1956,1,24.3,7.8
1957,1,30.56,9.28
1958,2,33.47,9.53
1959,2,35.21,10.5
1960,1,25.77,8.1
1961,1,25.61,8.19
1962,3,26.94,9.42
1963,1,24.13,6
1964,2,27.16,6.14
1965,3,35.49,12.49
1966,3,22.57,9.29
1967,3,42.61,14.81
1968,2,26.27,8.53
1969,3,28.04,8.08
1970,1,26.19,6.42
1971,1,31.72,11.28
1972,1,24.84,7.44
1973,1,36.33,10.59
1974,1,21.77,7.57
1975,1,32.93,8.32
1976,1,24.8,8.43
1977,3,32.29,7.23
1978,1,30.83,9.97
1979,2,31.1,8.9
1980,3,25.48,8.33
1981,1,33.66,6.38
1982,1,29.27,9.58
1983,1,27.26,8.62
1984,1,20.51,7.47
1985,1,32.67,7.88
1986,2,24.95,7.36
1987,1,23.98,8.06
1988,1,20.95,5.4
1989,1,21.48,6.24
1990,3,30.84,9.83
1991,1,22.26,5.64
1992,1,24.8,7.36
1993,1,13.91,4.24
1994,1,28.88,7.86
1995,1,23.76,6.38
1996,1,18.82,5.03
1997,1,29.86,9.06
1998,3,27.33,8.86
1999,1,27.16,7.55
2000,1,30.36,8.78
2001,1,28.95,9.01
2002,3,19.11,5.86
2003,1,24.08,7.07
2004,2,30.07,10.13
2005,3,32.46,8.8
2006,3,18.56,5.75
2007,2,15.35,4.83
2008,1,35.68,12.11
2009,1,22.86,7.78
2010,2,32.71,8.58
2011,1,35.14,8.52
2012,2,20.16,6.35
2013,1,23.72,6.58
2014,1,27.34,8.27
2015,3,31.66,8.48
2016,1,27.11,8.75
2017,1,25.16,7.87
2018,2,25.02,8.62
2019,1,21.88,6.66
2020,1,30.26,8.94
2021,2,30.57,9.63
2022,1,31.34,10.21
2023,2,33.34,8.87
2024,2,25.5,6.89
2025,1,28.46,7.98
2026,2,26.37,8.77
2027,1,23.62,8.12
2028,1,26.96,9.36
2029,2,31.51,9.54
2030,3,25.93,7.33
2031,1,28.22,8.83
2032,2,31.13,10.78
2033,1,22.47,5.64
2034,1,35.81,9.47
2035,2,29.06,8.57
2036,3,30.42,8.54
2037,3,28.13,10.58
2038,2,31.11,8.6
2039,1,23.56,6.77
2040,1,32.93,10.38
2041,3,35.02,9.39
2042,1,29.99,9.86
2043,3,22.2,7.51
2044,1,23.97,7.29
2045,1,41.12,13.65
2046,1,38.47,13.36
2047,1,22.48,7.13
2048,3,26.84,7.99
2049,1,35.51,10.38
2050,1,26.16,9.31
2051,3,30.1,8.58
2052,3,26.01,7.85
2053,1,27.35,8.68
2054,2,24.86,8.43
2055,3,30.66,8.5
2056,1,33.46,11.42
2057,3,24.12,7.85
2058,1,35.72,9.54
2059,1,23.63,6.97
2060,2,25.7,8.6
2061,1,30.34,9.59
2062,2,31.15,9.21
2063,1,26.23,7.45
2064,1,23.58,5.71
2065,1,14.47,4.29
2066,1,40.98,13.5
2067,1,21.8,8.41
2068,1,19.57,5.83
2069,1,25.3,6.7
2070,1,34.38,9.04
2071,1,23.49,6.67
2072,2,23.27,7.14
2073,1,32.62,10.52
2074,2,27.91,9.4
2075,1,36.4,12.1
2076,1,25.96,8.43
2077,1,28.35,10.45
2078,1,21.3,6.75
2079,2,21.52,6.8
2080,3,31.66,10.36
2081,1,23.29,6.53
2082,2,31.88,8.65
2083,1,30.63,8.89
2084,2,16.16,4.52
2085,1,25.93,7.02
2086,1,25.24,7.59
2087,1,24.45,6.49
2088,2,30.11,8.79
2089,1,29.86,8.84
2090,1,31.49,8.57
2091,2,21.1,6.58
2092,1,24.91,7.19
2093,3,35.47,10.74
2094,1,25.88,7.06
2095,1,32.38,9
2096,1,29.24,9.24
2097,1,34.03,9.7
2098,2,28.93,8.16
2099,1,30.56,9.91
2100,1,17.31,6.3
2101,3,23.27,7.07
2102,2,22.2,7.42
2103,2,24.82,7.11
2104,1,26.73,7.57
2105,1,20.77,5.91
2106,1,33.15,10.31
2107,1,24.05,8.57
2108,3,28.53,9.37
2109,1,18.97,5.3
2110,1,23.69,6.61
2111,1,25.74,6.39
2112,1,23.22,6.72
2113,1,25.29,7.63
2114,1,26.35,7.57
2115,1,27.08,6.72
2116,3,28.98,9.39
2117,2,16.85,5.31
2118,1,35.85,10.9
2119,1,25.84,9.11
2120,3,20.61,6.37
2121,1,28.08,7.74
2122,1,27.94,7.91
2123,3,27.42,9.3
2124,1,21.43,6.51
2125,1,24.08,7.84
2126,3,36.66,10.79
2127,1,23.41,7.89
2128,3,27.04,7.78
2129,1,37.67,12.49
2130,3,27.07,7.59
2131,1,36.7,10.29
2132,1,24.06,5.5
2133,2,34.01,10.76
2134,3,21.75,6.41
2135,3,27.74,9.4
2136,1,23.07,6.69
2137,3,16.92,4.73
2138,3,27.99,8.28
2139,3,27.01,7.72
2140,1,23.37,6.33
2141,1,28.1,8.83
2142,1,28.9,11.45
2143,1,19.9,6.66
2144,1,29.75,9.08
2145,1,30.76,11.81
2146,3,29.23,8.05
2147,1,28.75,9.96
2148,2,29.03,9.63
2149,1,17.87,4.71
2150,1,16.22,4.18
2151,1,32.4,9.95
2152,1,23.4,9.2
2153,2,35,11.26
2154,3,23.22,6.32
2155,1,28.5,8.89
2156,2,26.78,8.79
2157,2,35.26,8.85
2158,1,21.73,6.45
2159,3,36.89,12.61
2160,3,27.16,9.85
2161,2,27.24,9.51
2162,1,27.8,8.86
2163,1,29.74,8.13
2164,3,32.81,10.48
2165,1,34.04,10.21
2166,2,16.19,5.53
2167,2,24.73,7.29
2168,1,33.49,7.83
2169,1,19.27,5.76
2170,1,28.78,8.96
2171,1,24.55,7.97
2172,1,24.5,5.83
2173,1,37.47,10.52
2174,1,25.21,7.65
2175,1,34.82,11.65
2176,1,21.06,6.21
2177,1,23.2,7.28
2178,1,17.87,4.79
2179,2,26.57,8.63
2180,1,30.93,9.39
2181,1,32.68,10.34
2182,2,26.98,7.89
2183,1,23.97,8.49
2184,1,21.73,6.2
2185,1,33.8,9.39
2186,3,23.7,5.84
2187,1,25.98,9.29
2188,2,31.2,9.48
2189,1,32.08,10.05
2190,1,30.2,9.71
2191,1,19.56,5.88
2192,1,30.07,9.4
2193,1,33.03,9.98
2194,3,25.85,7.55
2195,1,22.03,8.73
2196,2,25.29,8.86
2197,1,25.09,7.76
2198,3,31.73,10.13
2199,1,30.32,10.57
2200,1,39.53,12.65
2201,3,35.38,10.28
2202,1,29.06,7.27
2203,1,27.25,8.83
2204,1,33.25,9.59
2205,3,24.86,7.91
2206,3,29.87,7.54
2207,1,16.49,5.53
2208,1,28.79,9.73
2209,1,34.68,12.2
2210,1,21.39,6.28
2211,2,24.85,5.65
2212,1,40.24,10.61
2213,1,27.3,8.02
2214,3,33.04,7.95
2215,1,27.51,8.19
2216,1,25.8,9.87
2217,3,35.66,8.3
2218,1,30.18,9.82
2219,3,27.49,7.33
2220,1,32.33,12.54
2221,3,21.67,6.29
2222,1,27.38,8.14
2223,2,30.18,8.29
2224,1,27.03,9.27
2225,3,22.96,6.83
2226,1,17.56,4.98
2227,1,28.73,9.74
2228,1,36.51,10
2229,1,25.52,8.69
2230,1,27.59,8.55
2231,2,24.15,7.3
2232,2,19.13,5.13
2233,2,31.7,11.81
2234,1,34.12,11.53
2235,1,29.25,9.78
2236,3,30.63,9.95
2237,1,20.36,5.79
2238,1,28.14,7.99
2239,2,32.58,10.21
2240,1,18.06,4.87
2241,2,24.97,7.47
2242,2,25.78,7.69
2243,2,26.13,5.49
2244,1,21.57,5.77
2245,1,31.56,9.19
2246,2,36.63,9.55
2247,3,18.91,5.4
2248,1,34.82,11.4
2249,3,28.99,9.85
2250,1,16.82,4.45
2251,2,28.3,10.29
2252,1,23.79,8.08
2253,3,26.8,7
2254,3,34.4,9.66
2255,1,18.07,4.82
2256,1,29.69,7.16
2257,2,19.31,5.39
2258,1,33.67,11.76
2259,1,26.8,8.17
2260,3,29.29,8.43
2261,2,23.39,8.08
2262,1,23.46,8.73
2263,3,22.81,7.6
2264,1,31.68,6.87
2265,3,25.28,7.75
2266,2,31.44,10.27
2267,2,27.08,8.99
2268,1,29.94,8.43
2269,1,23.95,7.91
2270,1,33.33,10.91
2271,1,27.25,5.53
2272,1,22.88,6.33
2273,3,24.36,7.06
2274,1,22.37,7.33
2275,3,12.49,3.67
2276,1,29.52,8.78
2277,3,26.52,7.85
2278,2,24.78,7.8
2279,3,25.55,8.83
2280,1,16.76,6.02
2281,2,24.5,7.82
2282,1,30.01,8.57
2283,1,35.15,10.44
2284,3,22.89,6.43
2285,1,21.87,4.65
2286,2,30.13,8.22
2287,1,23.24,9.04
2288,1,17.16,4.96
2289,1,28.76,6.81
2290,1,20.7,5.47
2291,2,33.46,9.86
2292,1,30.96,12.11
2293,2,31.71,10.03
2294,1,30.2,11.08
2295,2,18.87,5.65
2296,2,23.07,6.59
2297,1,22.35,7.64
2298,2,33.42,10
2299,3,34.87,9.24
2300,2,27.85,7.49
2301,3,32.96,9.58
2302,2,23.01,6.46
2303,1,24.9,8.1
2304,1,35.98,10.63
2305,1,22.72,6.38
2306,1,23.62,7.17
2307,3,35.43,12.09
2308,1,25.93,7
2309,3,27.54,8.8
2310,1,33.83,10.24
2311,1,33.54,10.81
2312,2,38.04,8.22
2313,1,26.81,9.06
2314,3,22.63,5.82
2315,1,32.93,9.83
2316,1,21.7,6.31
2317,1,27.78,7.08
2318,1,21.05,5.25
2319,1,23.58,8.03
2320,1,30.38,8.54
2321,3,34.36,9.32
2322,3,32.95,8.34
2323,1,22.92,7.07
2324,1,31.4,9.06
2325,1,27.47,6.93
2326,1,28.46,8.67
2327,3,30.45,9.25
2328,3,39.3,13.08
2329,1,32.61,7.85
2330,3,27.57,8.01
2331,3,31.81,9.64
2332,3,30.51,9.72
2333,1,19.22,5.54
2334,1,28.89,8.52
2335,1,16.65,4.61
2336,1,33.51,11.29
2337,1,26.92,8.24
2338,1,27.08,9.22
2339,1,23.93,5.94
2340,2,22.6,6.81
2341,2,28.88,6.95
2342,1,28.23,9.09
2343,1,23.19,6.86
2344,3,29.49,8.53
2345,1,24.21,7.62
2346,1,27.81,9.12
2347,3,24.07,8.52
2348,1,26.91,7.64
2349,2,30.9,8.81
2350,3,27.55,7.78
2351,1,26.29,9.56
2352,1,30.49,9.24
2353,1,33.4,11.94
2354,3,22.53,6.89
2355,1,24.42,6.3
2356,1,24.59,7.03
2357,1,27,6.82
2358,1,23.29,8.31
2359,2,35.44,9.76
2360,2,30.26,10.15
2361,1,29.62,7.56
2362,1,35.52,10.34
2363,3,26.67,8.26
2364,1,34.87,9.76
2365,1,22.73,5.07
2366,2,27.11,7.88
2367,1,32.45,9.43
2368,1,20.17,5.96
2369,2,25.69,7.15
2370,1,17.37,4.85
2371,2,31.04,9.73
2372,1,33.38,8.38
2373,1,31.28,11.14
2374,1,16.18,5
2375,1,33.64,9.81
2376,1,36.29,10.35
2377,3,29.56,7.62
2378,1,21.05,5.85
2379,1,27.37,9.99
2380,1,29.64,11.66
2381,3,25.68,8.18
2382,2,27.43,7.42
2383,2,28.68,7.87
2384,2,33.55,10.4
2385,1,34.2,7.59
2386,1,28.01,8.91
2387,3,24.85,8.61
2388,3,25.92,9.54
2389,1,31.52,7.29
2390,1,27.41,8.49
2391,3,12.08,3.85
2392,1,32.9,9.47
2393,3,17.65,4.23
2394,1,25.83,8.74
2395,2,30.33,12.54
2396,3,23.53,6.3
2397,1,26.42,10.09
2398,3,23.35,6.89
2399,2,17.34,5.42
2400,1,18.25,5.64
2401,3,20.75,6.8
2402,1,25.55,7.79
2403,2,43.43,15.28
2404,3,18.85,6.13
2405,1,34.5,9.49
2406,2,29.83,8.54
2407,2,28.28,8.4
2408,2,26.91,8.7
2409,1,30.29,7.46
2410,1,28.23,9.25
2411,1,11.86,4.35
2412,1,26.76,8.35
2413,1,25.61,6.12
2414,2,25.97,6.38
2415,2,19.27,6.16
2416,1,33.38,10.24
2417,2,33.61,11.72
2418,1,25.27,9.01
2419,2,26.12,7.98
2420,3,21.97,6.26
2421,2,27.15,6.17
2422,2,26.98,8.4
2423,1,28.31,7.29
2424,1,25.77,8.35
2425,2,36.05,11.32
2426,1,24.26,8.89
2427,1,26.62,7
2428,3,36.19,12.4
2429,1,38.2,10.07
2430,1,20.49,5.43
2431,1,28.69,7.5
2432,1,19.83,5.98
2433,1,22.76,7.2
2434,1,28.21,8.72
2435,1,38.05,10.47
2436,3,11.59,2.76
2437,1,20.84,5.44
2438,2,19.44,5.45
2439,1,30.54,8.13
2440,1,19.33,5.15
2441,2,32.09,9.81
2442,2,38.22,13.56
2443,1,34.78,11.1
2444,1,28.42,6.88
2445,1,30.92,8.78
2446,1,30.1,8.73
2447,1,28.99,10.44
2448,3,24.21,9.15
2449,2,37.29,10.26
2450,3,43.98,10.93
2451,3,32.05,8.75
2452,1,31.59,8.45
2453,1,33.9,7.24
2454,1,27.26,7.14
2455,2,30.71,10.29
2456,1,22.98,7.63
2457,2,24.98,6.79
2458,2,29.17,7.84
2459,1,22.81,6.11
2460,1,25.79,8.62
2461,1,27.64,8.19
2462,1,29.74,9.05
2463,1,28.13,8.36
2464,1,18.57,4.54
2465,1,23.97,6.16
2466,1,23.5,6.39
2467,1,30.48,8.56
2468,3,37.23,8.39
2469,3,32.63,9.24
2470,3,41.83,12.2
2471,3,23.02,8.72
2472,1,36.81,9.6
2473,3,27.51,8.13
2474,1,28.11,10.21
2475,1,36.01,9.9
2476,2,32.48,9.1
2477,1,27.16,7.05
2478,1,21.95,7.26
2479,3,29.4,8.72
2480,3,13.96,4.31
2481,1,27.9,10.55
2482,1,26.27,5.88
2483,2,26.7,8.59
2484,1,22.84,6.88
2485,1,29.26,8.87
2486,3,32.09,11.15
2487,3,21.8,6.37
2488,3,34.21,10.1
2489,1,30.49,10.51
2490,1,18.11,4.95
2491,1,28.41,8.38
2492,1,34.07,9.76
2493,2,28.46,9.26
2494,1,39.43,12.79
2495,1,38.12,8.29
2496,1,22.56,6.11
2497,1,30.8,9.08
2498,2,19.12,5.81
2499,1,26.51,9.54
2500,2,22.07,6.95
2501,3,29.58,9.73
2502,1,23.72,6.08
2503,1,36.71,11.2
2504,1,21.42,7.03
2505,3,37.62,12.01
2506,3,18.79,6.51
2507,1,26.89,8.64
2508,1,21.36,6.16
2509,2,28.15,7.6
2510,3,31.02,10.25
2511,1,23.45,6.26
2512,1,25.97,7.74
2513,1,36.23,11.39
2514,3,26.78,7.79
2515,1,24.37,6.18
2516,1,28.51,8.02
2517,1,39.56,12.49
2518,1,16.77,4.5
2519,2,24.58,6.75
2520,2,34.21,8.17
2521,1,25.28,6.27
2522,1,35.81,10.01
2523,1,26.45,7.58
2524,3,34,7.57
2525,1,19.8,6.05
2526,1,27.49,7.41
2527,1,31.65,8.44
2528,1,22.61,5.7
2529,1,18.12,4.37
2530,1,38.26,10.4
2531,1,25.07,8.19
2532,1,16.68,4.73
2533,1,14.5,4.08
2534,1,30.24,8.28
2535,1,20.37,6.17
2536,2,30.96,9.69
2537,1,26.03,7.74
2538,3,31.65,8.74
2539,1,18.76,5.15
2540,3,25.42,8.41
2541,1,36.44,11.42
2542,2,32.24,7.24
2543,1,30.34,8.45
2544,2,23.75,7.46
2545,1,32.97,8.77
2546,1,26.72,8.87
2547,1,32.35,8.5
2548,1,29.13,9.05
2549,1,28.45,7.43
2550,2,29.75,8.53
2551,1,30.77,10.89
2552,2,33.15,10.57
2553,3,23.41,5.37
2554,1,32.92,10.64
2555,1,20.79,7.07
2556,1,18.12,6.15
2557,1,35.82,10.83
2558,1,45.35,13.93
2559,1,33.02,9.51
2560,1,26.88,10
2561,3,22.3,7.89
2562,2,27.99,9.98
2563,1,26.58,8.96
2564,2,32,10.5
2565,1,22.22,7.83
2566,3,27.04,7.09
2567,1,27.66,7.86
2568,3,28.86,8.6
2569,3,28.84,8.82
2570,1,28.26,8.63
2571,1,29.55,9.43
2572,1,37.31,11.59
2573,1,21.93,5.25
2574,1,20.23,5.79
2575,2,30.44,10.42
2576,2,32.6,10.25
2577,1,38.88,10.45
2578,1,22.17,7.01
2579,1,33.86,8.06
2580,1,25.98,7.65
2581,3,17.24,5.05
2582,1,32.66,9.38
2583,1,32.75,9.76
2584,3,20.72,6.04
2585,3,25.77,8.03
2586,2,26.89,8.87
2587,1,25.92,5.87
2588,1,26.46,8.73
2589,1,18.12,4.69
2590,1,24.68,7.57
2591,1,17.41,5.95
2592,1,21.98,6.44
2593,2,28,7.27
2594,1,29.92,8.84
2595,1,24.69,6.98
2596,3,27.02,7.72
2597,1,25.01,7.98
2598,1,28.64,8.5
2599,1,27.61,6.28
2600,1,27.6,9.21
2601,1,34.98,10.23
2602,1,22.27,7.07
2603,3,34.2,12.36
2604,3,27.32,9.05
2605,1,22.9,6.13
2606,1,37.4,9.72
2607,2,33.21,10.67
2608,1,30.29,9.65
2609,1,42.31,12.41
2610,2,31.98,8.27
2611,1,32.48,9.44
2612,2,23.75,7.75
2613,1,29.75,9.75
2614,1,30.86,10.72
2615,3,39.4,11.37
2616,1,27.07,8.1
2617,1,25.94,6.73
2618,1,21.92,5.68
2619,1,22.31,7.06
2620,2,25.8,7.71
2621,1,22.33,7.05
2622,1,22.59,7.89
2623,3,27.61,6.74
2624,1,26.74,8.93
2625,2,30.71,10.26
2626,1,23.01,8.04
2627,3,32.86,11.76
2628,2,25.48,7.43
2629,1,25.51,6.99
2630,1,31.81,9.98
2631,1,24.86,8.93
2632,2,19.93,5.82
2633,1,32.63,9.61
2634,1,36.5,10.43
2635,2,36.18,11.09
2636,1,31.31,8.42
2637,1,13.69,4.25
2638,1,29.6,8.22
2639,1,30.5,9.33
2640,3,34.42,9.95
2641,1,29.71,8.5
2642,2,24.23,7.05
2643,3,35.24,10.98
2644,1,21.61,5.34
2645,1,24.56,7.11
2646,3,25.96,6.97
2647,3,31.93,9.87
2648,1,39.13,12.24
2649,3,30.67,9.05
2650,1,27.93,8.38
2651,1,25.69,7.47
2652,1,31.1,8.3
2653,1,24.21,6.95
2654,1,28.96,8.36
2655,1,18.08,5.87
2656,1,31.21,8.54
2657,1,34.65,10.6
2658,1,30.27,10.09
2659,3,18.13,4.89
2660,3,37.22,14.41
2661,3,26.05,7.99
2662,1,33.33,9.49
2663,2,18.45,5.07
2664,3,14.13,4.19
2665,1,30.99,7.85
2666,1,29.39,10.25
2667,2,13.63,4.47
2668,1,31.25,8.12
2669,1,28.05,8.01
2670,1,29.29,10.52
2671,3,20.11,6.05
2672,1,26.05,6.92
2673,1,19.3,5.01
2674,3,22.2,6.53
2675,1,22.88,8.13
2676,1,28.32,9.45
2677,1,32.96,10.45
2678,1,30.78,9.18
2679,1,30.18,8.2
2680,1,28.88,8.43
2681,3,28.11,9.75
2682,1,24.69,6.87
2683,1,24.22,7.19
2684,1,32.79,9.04
2685,3,25.26,8.9
2686,3,21.46,6.01
2687,1,31.77,11.01
2688,1,22.36,6.13
2689,1,24,6.59
2690,1,19.8,6.65
2691,1,24,6.01
2692,1,14.55,4.11
2693,1,31.04,10.74
2694,1,20.99,5.36
2695,2,30.91,10.51
2696,1,26.17,7.21
2697,1,35,10.52
2698,1,32.91,10.7
2699,2,35.89,12.38
2700,1,25.48,7.47
2701,1,18.28,5.94
2702,2,24.2,6.07
2703,1,28.04,8.94
2704,3,34.32,11.09
2705,1,32.66,8.72
2706,1,31.69,9.21
2707,1,30.65,7.04
2708,2,28.4,8.04
2709,1,28.25,7.08
2710,2,20.21,6.95
2711,1,22.81,6.16
2712,1,25.85,6.91
2713,1,24.74,6.66
2714,1,24.25,8.06
2715,1,26.91,8.84
2716,3,27.66,8.74
2717,1,27.88,8.98
2718,1,25.51,6.86
2719,2,33.98,8.84
2720,1,33.03,10.87
2721,1,27.27,10.02
2722,1,23.48,6.66
2723,1,30.71,8.63
2724,3,29.11,10.39
2725,3,31.36,13.08
2726,1,33.22,9.55
2727,1,31.91,8.31
2728,2,28.3,7.79
2729,1,25.3,9
2730,1,31.07,9.81
2731,1,29.29,9.73
2732,1,16.91,5.09
2733,3,19.85,5.44
2734,1,44.32,14.86
2735,1,22.94,8.93
2736,1,33.03,8.61
2737,3,33.35,10.67
2738,2,21.7,7.29
2739,1,17.6,5.22
2740,2,28.3,8.42
2741,1,35.34,11.96
2742,1,27.11,8.26
2743,1,22.4,8.16
2744,2,23.96,6.83
2745,3,33.83,10.21
2746,3,32.16,9.23
2747,1,27.89,9.49
2748,1,34.87,9.47
2749,1,31.77,9.99
2750,3,21.53,6.74
2751,1,25.68,8.38
2752,1,25.65,8.02
2753,2,23.58,6.35
2754,3,26.05,8.94
2755,1,32.41,9.64
2756,3,35.29,9.55
2757,3,32.53,9.08
2758,2,35.34,10.14
2759,3,23.34,7.17
2760,1,36.13,7.25
2761,1,18.47,7.27
2762,1,34.24,9.89
2763,2,26.02,7.66
2764,2,20.5,5.38
2765,1,29.77,10.15
2766,1,27.73,8.38
2767,1,28.54,9.3
2768,3,40.5,13.45
2769,1,32.89,9.67
2770,1,24.64,6.72
2771,3,30.81,10.26
2772,3,26.01,6.18
2773,3,33.87,11.53
2774,1,31.11,11.57
2775,1,18.23,5.52
2776,1,19.78,5.33
2777,1,26.72,6.55
2778,3,25.64,8.03
2779,3,14.5,5.13
2780,1,19.99,5.27
2781,1,34.24,9.78
2782,3,27.12,6.82
2783,3,22.81,5.93
2784,2,29.99,8.2
2785,1,31.95,9.16
2786,1,21.52,6.43
2787,1,27.16,8.8
2788,1,29.03,8.85
2789,2,28.57,10.71
2790,3,25.47,7.46
2791,3,23.87,8.53
2792,1,17.02,4.9
2793,1,31.78,8.8
2794,1,27.32,7.74
2795,3,31.78,9.68
2796,2,21.29,5.86
2797,2,21.56,6.2
2798,3,18.08,4.63
2799,3,36.78,8.39
2800,1,33.22,11.83
2801,3,26.41,7.26
2802,3,16.14,5.05
2803,2,36.91,9.31
2804,1,28.25,7.95
2805,3,27.2,9.34
2806,1,21.03,6.45
2807,1,23.73,7.29
2808,1,32.51,8.41
2809,1,26.99,7.41
2810,1,39.19,8.98
2811,3,26.72,8.56
2812,1,33.34,6.37
2813,2,18.97,6.54
2814,1,23.81,8.04
2815,1,25.31,6.01
2816,1,21.12,5.79
2817,1,32.16,9.58
2818,1,19.3,3.98
2819,1,30.64,8.38
2820,3,27.64,9.37
2821,1,25.3,5.52
2822,3,27.62,6.92
2823,3,30.78,9.57
2824,3,38.66,11.95
2825,2,33.47,10.42
2826,1,24.74,8.49
2827,1,30.33,8.13
2828,3,18.54,5.6
2829,1,26.78,6.79
2830,2,23.37,6.89
2831,2,18.62,4.91
2832,1,27.25,7.76
2833,3,24.51,8.93
2834,1,37.78,11.08
2835,2,27.71,8.34
2836,1,28.58,8.34
2837,1,32.23,8.98
2838,1,16.4,4.72
2839,1,24.9,7.25
2840,1,35.6,10.3
2841,1,22.38,7.1
2842,1,23.59,6.5
2843,1,30.62,6.67
2844,1,25.1,7.84
2845,1,23.93,6.83
2846,1,20.52,7.58
2847,2,27.5,8.75
2848,1,20.2,7.15
2849,1,27.07,6.44
2850,1,35.02,11.56
2851,3,21.25,5.25
2852,1,27.01,8.61
2853,1,26.27,6.43
2854,3,19.74,6.23
2855,1,35.22,12.09
2856,1,32.13,10.02
2857,3,20.08,6
2858,1,36.15,14.08
2859,1,36,10.29
2860,3,31.61,10.59
2861,2,24.96,8.54
2862,1,25.89,6.74
2863,1,39.64,12.07
2864,1,26.98,8.47
2865,1,25.4,6.99
2866,2,37.16,12.64
2867,1,30.39,8.1
2868,1,28.08,10.62
2869,1,25.64,8.19
2870,2,31.94,9.23
2871,1,23.31,6.91
2872,1,22.23,7.57
2873,2,23.59,7.15
2874,1,31.22,9.28
2875,1,23.32,8.33
2876,1,19.28,5.84
2877,1,33.86,9.53
2878,1,34.23,10.44
2879,3,27.76,7.83
2880,1,26.28,7.12
2881,1,27.94,9.13
2882,3,14.23,5.04
2883,1,20.17,5.17
2884,1,21.57,6.75
2885,3,26.61,6.73
2886,3,36.73,11.83
2887,2,24.64,7.75
2888,2,25.62,7.17
2889,2,27.56,6.52
2890,3,29.21,8.31
2891,1,17.63,5.03
2892,2,20.69,5.97
2893,3,29,9.33
2894,1,14.25,4.77
2895,1,30.92,9.37
2896,1,24.22,6.09
2897,3,28.9,8.28
2898,1,26.55,7.82
2899,1,27.2,9.56
2900,1,20.48,5.69
2901,1,32.64,11.59
2902,2,26.92,9.21
2903,3,20.1,6.39
2904,1,38.09,11.85
2905,3,34.48,9.27
2906,1,30.74,9.84
2907,1,24.8,7.09
2908,1,30.77,7.1
2909,1,27.89,8.17
2910,1,29.9,9.36
2911,1,32.86,10.81
2912,1,26.59,6.71
2913,1,28.16,6.94
2914,2,31.28,9.43
2915,2,30.36,7.77
2916,1,29.3,9.41
2917,1,31.58,7.78
2918,1,23.09,7.41
2919,1,15.66,4.68
2920,2,20.35,5.48
2921,3,27.53,7.97
2922,1,27.29,6.52
2923,2,16.48,5.07
2924,3,14.13,4.83
2925,3,34.73,9.4
2926,1,24.34,6.91
2927,1,27.75,8.4
2928,1,31.03,10.9
2929,2,28.65,7.93
2930,1,28,7.5
2931,1,28.66,8.96
2932,3,34.15,10.11
2933,3,28.87,8.62
2934,3,17.31,4.94
2935,1,38.55,9.24
2936,2,30.4,8.45
2937,1,35.62,12.62
2938,1,27.84,7.74
2939,1,24.67,8.29
2940,2,32.05,12.37
2941,1,28.05,8.52
2942,1,29.41,10.38
2943,1,14.87,4.18
2944,3,40.56,11.67
2945,1,24.72,6.22
2946,2,23.28,6.77
2947,1,31.05,9.81
2948,1,22.14,6.77
2949,3,21.25,7.15
2950,3,24.14,9.37
2951,1,25.84,6.72
2952,3,22.79,7.23
2953,1,19.71,5.5
2954,1,27.82,7.82
2955,1,31.46,10.8
2956,1,29.08,9.66
2957,2,26.2,9.32
2958,1,31.84,9.3
2959,1,19.95,7.56
2960,1,38.47,10.63
2961,1,21.49,6.06
2962,1,27.04,8.92
2963,2,28.54,8.72
2964,1,24.4,6.52
2965,3,35.42,10.35
2966,1,32.33,9.07
2967,1,29.97,8.8
2968,1,29.85,8.48
2969,2,29.25,7.38
2970,1,31.4,7.98
2971,1,23.33,6.25
2972,1,34.56,11.13
2973,3,27.31,8.37
2974,1,18.96,5.17
2975,1,33.24,11.19
2976,1,23.75,7.4
2977,1,31.97,11.34
2978,2,28.14,7.15
2979,3,17.39,4.91
2980,2,33.43,10.62
2981,1,29.81,9.02
2982,1,18.62,5.63
2983,1,31.34,8.05
2984,2,30.49,8.78
2985,1,38.49,11.86
2986,2,35.9,10.07
2987,1,23.79,7.32
2988,1,29.1,7.94
2989,1,22.55,6.84
2990,3,27.37,6.4
2991,3,25.83,5.76
2992,1,28.41,8.08
2993,1,27.55,7.92
2994,3,37.36,10.44
2995,1,19.36,6.44
2996,1,22.88,7.15
2997,1,28.81,8.16
2998,2,32.27,9.95
2999,3,32.33,9.79
3000,1,21.28,6.09
3001,2,25.44,8.32
3002,1,21.38,5.47
3003,3,38.84,10.22
3004,1,28.18,9.81
3005,3,33.96,9.4
3006,3,28.23,6.94
3007,1,11.45,3.04
3008,1,30.3,11.42
3009,1,27.47,8.6
3010,1,9.16,3.6
3011,1,21.02,5.84
3012,1,23.62,6.33
3013,3,29.17,9.7
3014,3,29.47,9.17
3015,1,31.81,9.9
3016,3,33.76,10.14
3017,1,28.17,9.8
3018,3,35.54,11.85
3019,1,30.36,9.09
3020,1,24.63,8.11
3021,1,20.74,5.03
3022,1,27.74,8.92
3023,1,37.32,11.33
3024,1,38.23,12.05
3025,1,16.64,5.28
3026,1,21.55,5.66
3027,1,27.26,8.97
3028,1,29.74,8.75
3029,1,27.83,9.45
3030,1,27.55,7.01
3031,1,39.92,10.07
3032,2,30.57,9.68
3033,3,24.24,7.87
3034,3,22.52,7.23
3035,1,27.44,9.25
3036,1,24.42,4.34
3037,1,23.48,6.96
3038,3,24.9,10.02
3039,1,24.49,8.64
3040,3,31.37,10.19
3041,1,34.14,11.83
3042,1,38.04,11.94
3043,1,33.55,8.89
3044,1,19.44,6.8
3045,1,16.49,5.95
3046,2,26.98,7.44
3047,1,25.69,6.93
3048,2,30.07,9.74
3049,2,30.83,7.31
3050,3,17.43,5.36
3051,2,29.35,6.76
3052,1,26.28,8.34
3053,1,31.13,7.22
3054,1,32.75,11.58
3055,1,25.17,6.45
3056,1,24.47,5.53
3057,1,25.14,7.59
3058,1,15.81,4.81
3059,2,23.41,5.99
3060,1,33.33,10.09
3061,1,26.76,7.86
3062,2,26.17,8.64
3063,3,32.38,8.39
3064,2,30.52,9.73
3065,2,25.97,7.93
3066,3,26.08,8.38
3067,3,22.47,4.26
3068,1,32.61,10.2
3069,1,29.08,7.5
3070,2,25.49,7.03
3071,3,39.22,12.38
3072,3,27.68,7.7
3073,3,23.3,8.61
3074,1,34.38,12.23
3075,2,34.87,10.4
3076,3,27.56,8.85
3077,3,23.14,8.19
3078,2,29.79,5.99
3079,1,27.55,8.21
3080,3,15.1,5.12
3081,2,26.66,8.01
3082,1,24.25,8.91
3083,1,38.51,10.57
3084,2,19.74,6.37
3085,2,22.97,5.83
3086,1,24.78,6.57
3087,1,25.75,8.51
3088,2,27.62,7.25
3089,1,24.82,8.01
3090,1,24.16,8.66
3091,3,25.19,7.2
3092,3,25.39,7.36
3093,3,30.39,10
3094,1,23.12,6.71
3095,3,17.8,5.13
3096,1,27.78,6.44
3097,3,33.21,12.07
3098,2,27.11,9.71
3099,1,20.06,6.5
3100,3,27.03,9.32
3101,1,27.9,7.53
3102,1,35.39,9.02
3103,3,38.38,10.41
3104,1,32.92,7.73
3105,2,42.23,13.15
3106,1,22.54,6.43
3107,1,26.01,7.77
3108,1,24.15,6
3109,1,23.21,6.44
3110,1,23.93,5.59
3111,1,21.28,6.66
3112,1,28.53,8.96
3113,1,42.28,13.19
3114,1,27.58,7.49
3115,3,24.26,6.62
3116,1,22.95,6.29
3117,2,29.3,8.29
3118,1,24.04,7.23
3119,1,33.52,8.89
3120,3,30.02,9.87
3121,2,14.78,4.35
3122,1,37.29,11.99
3123,3,19.06,5.65
3124,1,34.36,10.68
3125,3,35.57,12.39
3126,1,26.53,10.22
3127,1,21.04,7.46
3128,1,32.12,8.96
3129,3,31.1,9.88
3130,1,23.72,6.5
3131,3,31.67,11.07
3132,3,29.18,9.23
3133,2,38.07,9.44
3134,1,35.93,10.2
3135,3,27.93,8.32
3136,2,23.24,6.2
3137,2,29.2,6.43
3138,1,27.4,8.05
3139,1,14.38,4.88
3140,1,27.87,9.03
3141,1,29.46,7.14
3142,2,22.55,6.67
3143,3,21.85,5.83
3144,1,31.81,9.7
3145,3,29.4,7.44
3146,2,32.27,9.58
3147,1,23.3,6.15
3148,3,29.69,9.03
3149,1,22.41,6.11
3150,2,33.31,9.83
3151,1,26.04,8.16
3152,1,30.62,10.14
3153,1,29.01,8.62
3154,2,30.25,11.25
3155,1,19.76,6.18
3156,2,30.87,7.59
3157,1,28.9,7.42
3158,3,21.74,6
3159,2,29.61,8.47
3160,2,36.15,11.75
3161,2,33.42,8.76
3162,1,19.98,6.25
3163,1,25.84,7.92
3164,3,29.22,9.17
3165,3,19.19,4.95
3166,1,25.26,7.14
3167,3,24.72,6.58
3168,2,21.37,6.5
3169,1,23.9,7.37
3170,2,24.37,6.85
3171,3,35.76,11.25
3172,1,40.74,13.23
3173,3,26.47,9.74
3174,1,34.03,7.8
3175,2,32.1,8.6
3176,1,23.38,6.31
3177,1,15.08,4.59
3178,1,23.4,8.28
3179,2,32.17,11.42
3180,1,31.5,10.13
3181,1,32.37,11.14
3182,1,29,10.55
3183,1,22.75,7.49
3184,1,29.18,8.9
3185,2,27.62,7.88
3186,2,33.1,12.29
3187,1,22.15,4.92
3188,1,31.7,9.12
3189,1,35.05,11.13
3190,1,22.65,5.16
3191,2,31.5,10.12
3192,2,25.13,6.29
3193,1,35.53,9.47
3194,1,32.23,10.92
3195,2,27.71,5.43
3196,3,38.54,12.98
3197,1,29.5,10.59
3198,1,22.82,7.33
3199,1,33.07,8.62
3200,1,33.87,10.63
3201,1,28.58,9.88
3202,1,27.27,8.48
3203,1,22.87,7.41
3204,1,36.04,12.37
3205,1,34.99,10.24
3206,2,30.51,9
3207,1,22.09,4.94
3208,3,33.86,10.8
3209,3,29.75,5.98
3210,1,22.78,7.91
3211,1,38.83,10.87
3212,3,25.55,7.52
3213,2,27.58,9.11
3214,1,19.94,4.25
3215,3,30.27,8.68
3216,1,22.77,5.49
3217,2,34.29,10.23
3218,1,31.92,10.06
3219,2,23.18,7.88
3220,1,20.43,5.72
3221,1,27.97,9.01
3222,3,30.45,9.42
3223,2,28.02,9.29
3224,1,22.69,4.46
3225,2,31.37,8.14
3226,2,31.77,7.73
3227,1,18.9,4.04
3228,1,26.92,8.32
3229,1,26.6,8.43
3230,1,30.74,9.56
3231,1,25.74,7.51
3232,1,36.59,11.6
3233,1,23.97,6.75
3234,1,25,9
3235,2,27.63,8.45
3236,2,33,11.75
3237,1,16.09,4.33
3238,2,29.29,8.64
3239,1,29.1,7.59
3240,1,34.13,9.92
3241,1,32.89,8.93
3242,3,19.97,6.02
3243,2,28.92,8.11
3244,3,21.66,6.84
3245,1,26.63,9.39
3246,1,28.72,7.3
3247,1,29.24,9.1
3248,1,29.95,8.4
3249,1,24.94,9.14
3250,1,30.77,7.62
3251,1,33.02,9.74
3252,1,33.19,9.14
3253,1,19.35,6.33
3254,1,28.79,8.23
3255,1,30.46,8.74
3256,1,28.52,8.26
3257,1,25.04,8.27
3258,2,31.83,7.41
3259,3,18.48,6.37
3260,3,23.64,8.35
3261,3,30.18,10.02
3262,1,30.4,8.82
3263,1,31.25,7.66
3264,1,30.73,9.24
3265,2,20.42,7.54
3266,1,35.56,10.68
3267,2,35.95,9.54
3268,3,24.97,6.26
3269,3,20.02,5.09
3270,1,26.67,8.33
3271,2,25.11,8.63
3272,1,30.13,9.14
3273,2,29.16,6.54
3274,3,25.72,7.34
3275,1,20.6,6.14
3276,1,29.02,8.36
3277,3,28.53,9.05
3278,1,16.67,6.29
3279,1,28.59,8.61
3280,1,35.64,8.73
3281,1,31.34,9.47
3282,1,33.46,11.67
3283,3,28.33,8.04
3284,2,31.46,6.94
3285,1,28.61,8.88
3286,1,35.64,11.44
3287,1,21.38,7.14
3288,1,20.47,6.8
3289,2,17.53,5.44
3290,1,24.98,7.37
3291,2,32.92,8.47
3292,1,13.84,5.28
3293,2,24.98,7.12
3294,1,15.63,4.93
3295,1,30.13,11.21
3296,1,22.14,8.04
3297,3,31.82,9.86
3298,1,20.71,6.57
3299,1,29.85,9.02
3300,1,14.5,3.96
3301,1,28.13,8.41
3302,1,35.03,9
3303,3,20.89,7.21
3304,1,18.66,5.13
3305,2,23.37,6.85
3306,2,23.22,7.94
3307,2,16.57,4.72
3308,1,27.94,8.55
3309,1,19.28,5.31
3310,1,29.82,7.91
3311,1,32.01,7.5
3312,3,24.56,6.69
3313,1,31.12,9.09
3314,1,14.22,3.99
3315,1,27.34,7.06
3316,3,25.68,8.45
3317,1,27.53,8.01
3318,3,38.01,11.19
3319,1,29.87,7.6
3320,2,29.79,8.3
3321,1,18.46,6.36
3322,3,17.71,6.07
3323,1,30.52,9.32
3324,2,32.82,10.45
3325,1,31.61,7.55
3326,1,26.06,8.26
3327,1,32.78,8.8
3328,2,19.85,7.07
3329,1,21.38,5.68
3330,3,22.37,7.03
3331,3,23.3,6.82
3332,1,32.18,8.87
3333,2,28.61,6.84
3334,1,19.82,6.91
3335,1,29.46,9.39
3336,1,30.34,9.21
3337,3,10.97,3.75
3338,2,24.7,7.68
3339,1,29.15,12.2
3340,1,14.06,4.12
3341,2,31.93,10.36
3342,3,19.74,4.31
3343,1,35.77,8.65
3344,3,27.71,8.8
3345,3,28.59,9.61
3346,2,28.42,9.01
3347,1,28.95,9.71
3348,1,27.7,7.01
3349,1,31.1,8.68
3350,3,28.52,8.89
3351,1,20.38,6.38
3352,1,15.1,4.34
3353,1,26.73,7.57
3354,1,29.44,10.13
3355,1,20.41,6.14
3356,3,33.52,11.71
3357,2,28.15,10.15
3358,1,26.21,5.14
3359,1,34.37,13.63
3360,1,22.79,6.66
3361,1,37.84,8.95
3362,1,33.84,11.01
3363,1,23.66,6.65
3364,1,26.55,8.15
3365,3,27.92,9.84
3366,1,26.58,8.91
3367,1,40.38,14.84
3368,1,22.35,6.63
3369,2,16.57,4.13
3370,1,28.79,10.43
3371,1,35.5,11.26
3372,3,23.04,6.53
3373,1,27.53,7.6
3374,1,36.57,10.4
3375,2,16.62,5.51
3376,2,17.81,4.64
3377,2,25.19,6.6
3378,1,23.97,7.45
3379,3,13.41,4.93
3380,1,33.04,8.13
3381,2,29.86,9.56
3382,1,26.25,7.35
3383,1,31,11.44
3384,1,34.14,10.89
3385,1,36.1,9.93
3386,1,26.03,7.63
3387,1,32.9,7.8
3388,1,19.88,6.52
3389,1,30.67,9.96
3390,1,20.71,8.19
3391,2,12.12,4.13
3392,3,23.12,8.69
3393,1,30.45,8.36
3394,1,27.32,7.1
3395,3,32.07,8.96
3396,1,20.56,5.31
3397,1,26.68,8.78
3398,2,28.12,7.24
3399,1,18.84,5.23
3400,3,27.18,7.77
3401,1,15.19,4.78
3402,1,36.61,9.18
3403,1,22.16,6.68
3404,3,23.16,6.96
3405,1,23.02,7.08
3406,1,32.7,8.39
3407,3,22.98,7.79
3408,1,27.47,10.68
3409,1,20.69,6.16
3410,2,28.32,8.16
3411,2,34.11,10.98
3412,1,36.58,12.74
3413,3,22.99,8.36
3414,1,25.33,7.93
3415,1,30.15,9.42
3416,1,24.76,8.23
3417,1,26.15,7.87
3418,1,33.7,10.53
3419,1,33.19,8.89
3420,1,26.44,8.13
3421,1,33.22,11.47
3422,1,22.51,6.75
3423,1,26.7,9.23
3424,1,29.54,9.83
3425,3,24.95,7.48
3426,3,32.54,10.28
3427,1,27.01,7.14
3428,1,20.39,5.63
3429,1,27.28,10.11
3430,1,28.93,10.32
3431,3,34.35,8.41
3432,1,26.01,7.79
3433,1,43.91,13.46
3434,1,23.3,8.29
3435,1,25.43,6.73
3436,2,24.82,8.65
3437,1,33.51,10.48
3438,1,26.92,6.39
3439,1,33.83,8.69
3440,1,30.44,10.18
3441,3,39.34,13.71
3442,1,25.99,9.65
3443,1,31.29,9.74
3444,2,24.67,7.47
3445,1,29.94,7.9
3446,2,24.05,6.65
3447,3,22.23,6.52
3448,1,23.42,6.48
3449,1,30.55,9.26
3450,1,27.02,9.36
3451,1,32.97,7.31
3452,2,22.76,7.74
3453,2,22.52,7.27
3454,1,29.09,9.42
3455,1,32.55,7.94
3456,1,30.71,8.24
3457,1,26.5,7.05
3458,2,37.98,10.06
3459,2,28.49,9.4
3460,1,30.84,10.68
3461,2,20.09,5.28
3462,1,30.05,8.93
3463,3,18.95,5.74
3464,1,25.2,7.8
3465,1,25.32,7.74
3466,1,26.88,9.45
3467,2,24.58,5.82
3468,3,21.92,7.86
3469,3,33.5,10.01
3470,2,34.16,10.37
3471,1,30.7,8.38
3472,1,25.53,6.87
3473,1,28.57,10.92
3474,1,36.76,10.32
3475,1,32.02,7.54
3476,2,23.46,7.08
3477,2,29.13,8.39
3478,1,23.1,6.31
3479,1,28.2,7.63
3480,2,31.66,10.3
3481,1,29.03,7.72
3482,1,21.22,7.07
3483,2,27.86,8.63
3484,1,27.76,8.72
3485,1,26.94,7.16
3486,3,26.72,8.2
3487,1,19.38,5.1
3488,1,18.72,6.5
3489,2,28.49,9.07
3490,1,30.2,9.15
3491,1,29.2,9.43
3492,3,35.72,9.17
3493,2,33.61,7.43
3494,3,24.95,8.71
3495,2,26.61,6.26
3496,3,31.54,10.31
3497,1,31.31,8.9
3498,3,25.08,7.17
3499,3,27.06,8.08
3500,1,20,5.61
3501,1,30.25,8.2
3502,1,33.4,10.25
3503,1,24.74,6.93
3504,1,24.47,8.39
3505,2,21.15,6.01
3506,1,26.25,6.45
3507,3,29.13,10.08
3508,1,21.79,6.03
3509,1,12.91,3.32
3510,1,35.7,11.43
3511,1,23.86,7.66
3512,2,26.94,8.97
3513,3,23.46,5.81
3514,1,34.78,11.31
3515,1,28.27,8.63
3516,3,26.4,7.11
3517,2,25.61,8.52
3518,2,33.84,11.05
3519,1,29.79,8.6
3520,1,31.85,9.72
3521,1,23.49,6.36
3522,3,26.35,8.53
3523,3,21.4,5.82
3524,1,27.27,7.23
3525,2,26.96,9.18
3526,1,39.98,13.48
3527,3,24.93,8.78
3528,1,26.38,7.94
3529,1,32.63,7.94
3530,1,34.31,10.53
3531,1,21.82,7.03
3532,1,25.68,8.57
3533,3,33.21,8.55
3534,3,26.88,7.82
3535,1,30.09,8.76
3536,1,25.64,8.86
3537,1,17.27,6.42
3538,1,22.65,6.69
3539,1,15.87,4.05
3540,1,27.37,9.64
3541,1,28.39,9.37
3542,1,22.24,6.38
3543,1,26.13,7.71
3544,1,13.99,4.17
3545,1,30.64,9.19
3546,2,30.98,9.38
3547,2,22.53,7.73
3548,1,25.46,8.09
3549,1,29.23,9.9
3550,1,29.11,7.8
3551,1,25.33,7.89
3552,1,28.28,8.61
3553,1,29.6,8
3554,1,28.3,9.47
3555,3,28.12,6.89
3556,1,32.64,9.79
3557,2,29.35,9.33
3558,1,34.89,9.91
3559,1,24.76,8.08
3560,2,24.22,8.68
3561,1,27.64,8.4
3562,3,17.57,4.51
3563,1,33.5,10.23
3564,1,40.9,12.94
3565,2,18.82,5.33
3566,2,19.02,5.75
3567,1,20.05,4.44
3568,2,27.93,8.87
3569,1,32.2,10.83
3570,1,24.4,7.61
3571,1,29.87,8.1
3572,1,26.58,7.84
3573,1,18.19,4.63
3574,2,28.78,8.11
3575,3,34.08,9.54
3576,1,18.36,5.88
3577,1,19.21,6.96
3578,1,22.57,7.46
3579,3,24.58,8.62
3580,1,21.24,6.04
3581,1,28.68,9.83
3582,1,31.06,9.22
3583,2,34.32,9.14
3584,1,30.74,9.73
3585,2,22.9,7.7
3586,1,37.88,12.54
3587,1,29.32,8.32
3588,2,38.6,12.6
3589,1,21.31,7.14
3590,1,29.58,9.44
3591,2,25.14,8.22
3592,2,31.96,8.56
3593,3,32.03,10.98
3594,1,24.13,6.75
3595,1,23.16,6.62
3596,1,38.35,12.79
3597,1,24.44,7.66
3598,1,12.76,3.26
3599,3,17.43,5.61
3600,1,31.4,9.29
3601,2,22.3,7.6
3602,1,29.17,9.34
3603,1,27.27,9.54
3604,1,26.14,8.91
3605,2,23.36,7.44
3606,3,21.97,7.06
3607,2,31.2,9.36
3608,3,26.15,7.63
3609,3,31.37,10.31
3610,1,27.18,8.16
3611,1,40.28,11.83
3612,1,32.67,9.26
3613,1,22.82,6
3614,3,26.51,7.35
3615,2,26.32,6.05
3616,1,21.25,6.28
3617,2,23.03,7.42
3618,2,25.47,6.78
3619,1,26.15,7.69
3620,1,27.2,5.88
3621,1,34.57,10.71
3622,1,22.39,7.7
3623,3,29.8,8.76
3624,1,26.23,9.14
3625,1,29.59,7.14
3626,2,30.92,6.61
3627,1,27.42,10.39
3628,2,18.12,5.4
3629,2,29.98,9.83
3630,3,24.76,7.35
3631,2,19.68,6.09
3632,1,25.06,8.81
3633,1,22.09,5.98
3634,2,19.34,6.2
3635,1,29.6,6.96
3636,1,25.1,7.04
3637,2,30.75,9.29
3638,3,23.19,8.43
3639,2,31.24,7.7
3640,3,27.2,6.77
3641,3,16.24,5.46
3642,1,25.28,6.43
3643,1,30.35,10.27
3644,2,22.05,6.53
3645,1,26.1,9.26
3646,1,35.45,11.74
3647,3,27.91,8.91
3648,1,25.58,8.28
3649,1,18.57,4.74
3650,1,32.58,9.46
3651,3,33.94,8.1
3652,1,35.81,10.42
3653,2,27.07,8.81
3654,1,33.54,12.35
3655,2,38.24,7.91
3656,1,23.29,6.93
3657,1,20.95,5.99
3658,1,34.12,11.62
3659,1,27.25,8.28
3660,1,28.22,7.8
3661,1,29.25,9.08
3662,1,34.04,10.55
3663,1,25.45,7.59
3664,1,18.29,4.88
3665,1,23.87,6.45
3666,1,31.19,9.92
3667,1,27.79,8.86
3668,1,24.75,6.73
3669,1,31.19,10.2
3670,1,37.06,11.13
3671,1,29.11,6.99
3672,3,19.99,5.95
3673,3,22.01,5.41
3674,1,26.27,9.44
3675,1,30.75,8.8
3676,1,29.6,9.87
3677,1,29.95,6.85
3678,1,17.78,6.12
3679,2,28.86,8.81
3680,1,27.37,9.6
3681,1,18.93,6.75
3682,3,32.85,11.78
3683,3,34.44,9.94
3684,1,36.14,10.18
3685,1,14.6,5.3
3686,3,34.72,8.13
3687,2,34.67,10.82
3688,1,27,8.09
3689,1,23.47,7.28
3690,3,31.11,7.11
3691,1,27.95,8.49
3692,1,24.87,6.94
3693,2,30.61,8.02
3694,3,26.58,7.52
3695,1,13.68,4.36
3696,1,26.32,8.5
3697,1,21.07,6.66
3698,1,39.84,13.49
3699,1,26.46,9.99
3700,1,28.18,8.78
3701,3,20.54,5.21
3702,2,31.89,12.08
3703,1,32.78,10.7
3704,3,38.99,9.98
3705,1,24.59,7.02
3706,3,23.05,9.01
3707,2,18.19,6.6
3708,1,29.98,9.7
3709,1,37.02,12.45
3710,1,34.65,11.19
3711,3,28.05,8.34
3712,1,25.15,8.36
3713,3,30.68,9.02
3714,1,30.67,8.07
3715,3,28.66,8.16
3716,1,23.27,7.22
3717,1,24.74,7.87
3718,3,40.42,11.99
3719,2,34.34,8.8
3720,2,24.86,5.99
3721,1,23.9,6.37
3722,1,24.21,7.36
3723,3,21.23,6.32
3724,1,30.72,8.75
3725,2,36.91,9.93
3726,1,27.09,9.78
3727,3,22.89,6.01
3728,2,36.94,11.75
3729,1,20.37,5.59
3730,1,18.98,4.26
3731,2,24.76,7.99
3732,1,12.91,3.79
3733,1,35.01,10.5
3734,1,24.1,8.12
3735,3,31.26,9.98
3736,1,32.1,7.79
3737,1,16.71,5.42
3738,2,30.45,9.41
3739,1,36.84,11.77
3740,1,11.23,3.28
3741,3,20.66,6.39
3742,1,27.74,8.78
3743,1,22.2,6.71
3744,3,34.58,9.79
3745,1,30.97,8.09
3746,1,16.91,4.65
3747,1,27.21,9.72
3748,1,28.49,8.45
3749,1,32.37,9.78
3750,3,30.02,7.6
3751,1,30.24,8.44
3752,2,30.26,9.59
3753,1,30.1,8.18
3754,1,21.03,7.08
3755,1,36.15,12.53
3756,1,25.76,7.06
3757,2,24.02,5.52
3758,1,21.8,7.57
3759,1,25.93,8.48
3760,3,23.96,7.62
3761,2,25.99,8.64
3762,2,24.01,7.19
3763,2,33.3,10.77
3764,3,30.94,8.46
3765,1,29.23,7.86
3766,3,27.92,8.25
3767,3,29.06,8.98
3768,2,31.93,8.62
3769,1,20.63,5.58
3770,2,34.95,10.59
3771,1,29.91,9.05
3772,1,24.76,6.37
3773,1,24.96,7.35
3774,2,37.2,9.64
3775,3,30.42,11.65
3776,3,28.42,6.92
3777,2,30.52,10.33
3778,1,23.31,7.25
3779,1,24.16,8.06
3780,1,36.92,12.03
3781,2,17.76,5.6
3782,2,21.72,7.52
3783,1,33.72,9.42
3784,1,22.95,9.32
3785,1,33.64,11.54
3786,2,19.2,6.49
3787,1,30.41,9.78
3788,3,33.5,9.84
3789,2,24.82,8.22
3790,1,33.34,10.12
3791,1,32.76,9.08
3792,2,22.16,6.93
3793,2,25.24,8.91
3794,1,25.22,9.62
3795,2,31.02,9.11
3796,1,22.34,6.11
3797,2,23.12,6.99
3798,1,30.62,8.37
3799,2,29.89,9.92
3800,2,21.99,7.45
3801,2,35.56,12.51
3802,1,30.67,9.33
3803,3,23.47,7.45
3804,3,26.77,8.46
3805,1,36.03,11.86
3806,1,31.72,8.73
3807,2,35.62,11.99
3808,1,23.98,6.92
3809,3,30.77,8.55
3810,1,28.72,7.9
3811,3,21.08,7.77
3812,3,40.9,12.58
3813,3,34.23,10.37
3814,1,29.97,9.17
3815,1,30.09,8.09
3816,1,35.54,11.32
3817,1,31.71,9.56
3818,1,27.89,8.96
3819,1,30.24,9.1
3820,1,25.64,7.82
3821,2,35.62,10.34
3822,1,30.57,9.33
3823,1,38.89,12.07
3824,1,37.76,12.01
3825,1,29.53,9.61
3826,1,27.53,8.6
3827,2,23.21,5.64
3828,2,22.75,7.96
3829,2,35.06,9.06
3830,1,28.67,8.7
3831,2,28.22,8.22
3832,2,35.93,11.51
3833,1,36.06,12.43
3834,2,31.04,9.74
3835,2,26.58,6.29
3836,2,35.11,11.94
3837,1,23.84,6.79
3838,2,29.01,9.25
3839,2,25.25,7.26
3840,2,22.38,7.05
3841,2,33.27,9.69
3842,1,18.42,5.11
3843,1,29.24,6.56
3844,2,17,5.09
3845,1,22.44,7.13
3846,2,9.99,3.19
3847,1,37.43,10.35
3848,2,27.71,8.27
3849,1,33.82,9.83
3850,3,19.46,6.3
3851,1,30.46,9.75
3852,1,35.61,11.33
3853,1,31.48,9.79
3854,3,31.68,8.61
3855,1,23.32,6.83
3856,1,24.52,7.21
3857,3,27.6,5.69
3858,2,33.48,8.32
3859,1,24.16,7.62
3860,3,31.15,8.17
3861,3,27.86,8.74
3862,3,33.26,10.62
3863,1,34.59,10.29
3864,1,25.15,7.42
3865,1,18.88,5.31
3866,1,24.53,7.87
3867,3,30.13,9.81
3868,2,28.41,9.38
3869,1,34.58,10.79
3870,1,22.99,6.19
3871,1,28.57,7.68
3872,1,25.66,7.73
3873,3,27.21,9.78
3874,2,26.25,5.77
3875,2,26.01,8.82
3876,2,26.89,6.82
3877,1,27.5,7.9
3878,1,22.86,6.8
3879,3,32.03,8.34
3880,1,35.15,11.39
3881,1,24.46,6.54
3882,1,29.28,9.29
3883,1,35.14,11.05
3884,1,30.47,10.27
3885,1,37.2,11.81
3886,1,21.85,5.79
3887,3,33.71,9.53
3888,1,30.92,10.78
3889,1,15.84,5.17
3890,2,31.23,8.24
3891,2,24.73,7.39
3892,1,28.7,8.88
3893,1,30.74,9.94
3894,1,30.96,10.76
3895,1,31.6,9.85
3896,1,12.83,4.43
3897,2,27.22,7.84
3898,1,19.41,5.2
3899,1,36.7,12.04
3900,3,33.73,9.88
3901,1,14.08,3.57
3902,1,31.3,7.85
3903,1,29.39,7.83
3904,1,20.64,5.92
3905,1,31.22,11.66
3906,1,23.69,6.5
3907,3,29.05,10.1
3908,3,18.5,4.75
3909,1,26.09,7.7
3910,1,25.87,6.74
3911,1,34.56,8.97
3912,3,21.28,4.94
3913,1,22.16,5.72
3914,1,33.19,10.3
3915,1,36.84,10.62
3916,1,33.23,11.25
3917,3,31.41,10.65
3918,3,24.82,6.92
3919,2,28.91,9.54
3920,1,26.62,6.8
3921,1,20.87,7.15
3922,1,32.73,9.29
3923,1,29.1,8.39
3924,1,19.41,6.42
3925,1,26.35,7.71
3926,1,29.3,8.89
3927,1,34.03,10.58
3928,3,34.3,10.1
3929,3,40,14.16
3930,2,29.02,9.99
3931,1,29.56,7.88
3932,1,28.78,7.66
3933,3,14.68,4.46
3934,1,32.7,8.61
3935,1,28.85,12.05
3936,2,32.01,10.46
3937,1,25.79,7.11
3938,3,26.02,6.61
3939,1,24.57,8.04
3940,1,29.62,10.11
3941,2,27.81,10.17
3942,2,23.74,6.94
3943,3,33.97,8.97
3944,3,31.76,9.78
3945,3,22.96,6.1
3946,3,25.54,9.31
3947,1,30.53,9.57
3948,2,34.92,11.5
3949,3,28.19,8.73
3950,1,32.23,7.49
3951,1,38.73,10.36
3952,2,33.66,10.52
3953,1,28.8,8.92
3954,2,27.88,8.4
3955,1,27.41,7.8
3956,1,26.24,8.06
3957,3,28.33,8.28
3958,2,30.08,10.18
3959,1,25.86,8.87
3960,1,22.99,6.31
3961,1,35.88,8.87
3962,2,20.99,6.29
3963,2,35.53,11.97
3964,2,19.2,5.85
3965,2,31.25,9.69
3966,1,15.17,4.75
3967,1,22.88,6.74
3968,2,27.24,8.03
3969,1,27.36,9.11
3970,1,26.98,8.31
3971,1,31.01,11.44
3972,1,38.22,12.1
3973,3,29.62,8.48
3974,1,32.58,10.64
3975,1,20.42,6.95
3976,1,22.44,5.29
3977,3,31.78,8.91
3978,2,31.51,10.99
3979,1,18.27,4.93
3980,1,34.85,13
3981,1,26.52,8.51
3982,1,21.57,6.92
3983,3,36.37,8.92
3984,1,22.06,5.97
3985,1,25.45,6.98
3986,3,34.64,10.53
3987,1,31.79,11.26
3988,1,21.11,6.46
3989,2,25.26,10.47
3990,1,25.45,8.85
3991,2,23.66,8.7
3992,2,19.87,7.18
3993,1,6.65,1.92
3994,1,22.47,6.1
3995,1,24.84,7.51
3996,1,23.53,7.49
3997,1,40.43,13
3998,1,23.07,6.82
3999,2,23.78,6.95
4000,1,38.94,12.87
4001,1,24.24,7.09
4002,1,20.38,6.78
4003,1,20.45,6.54
4004,1,29.77,8.17
4005,3,25.88,8.55
4006,3,31.34,8.3
4007,1,31.25,9.53
4008,1,26.73,8.19
4009,1,27.57,8.38
4010,2,30.43,10.12
4011,3,36.74,12.84
4012,3,35.92,13.01
4013,1,38.22,12.41
4014,2,29.99,6.8
4015,2,31.72,9.86
4016,2,33.06,11.12
4017,1,31.62,10.01
4018,2,24.94,7.03
4019,2,27.3,6.09
4020,1,19.03,6.58
4021,3,31.12,9.37
4022,2,21.59,6.23
4023,1,36.93,7.69
4024,1,25.97,6.98
4025,3,24.55,7.69
4026,3,30.54,11.15
4027,1,23.3,8.01
4028,1,25.13,7.02
4029,1,31.57,9.27
4030,1,33.55,11.43
4031,1,25.26,8.74
4032,3,24.45,6.77
4033,1,37.14,12.28
4034,1,28.31,9.21
4035,1,33.14,8.95
4036,1,21.53,6.8
4037,1,27.63,7.88
4038,2,26.07,7.77
4039,2,28.3,8.5
4040,2,28.68,9.43
4041,3,28.12,8.72
4042,1,29.38,11.07
4043,2,30.16,9.67
4044,1,12.56,3.13
4045,1,30.86,9.3
4046,1,28.64,9.88
4047,1,25.08,6.77
4048,1,35.11,12.22
4049,3,33.53,11.11
4050,1,22.34,6.04
4051,2,21.06,6.48
4052,1,23.59,6.68
4053,1,30.97,9
4054,1,31.13,11.33
4055,1,22.84,7.11
4056,2,14.72,4.87
4057,2,30.35,10.07
4058,2,25.34,7.96
4059,1,20.42,6.4
4060,1,28.94,6.95
4061,1,28.59,8.68
4062,2,37.98,9.94
4063,1,20.56,7
4064,3,21.99,3.8
4065,3,29.57,11.38
4066,2,19.84,4.54
4067,2,23.66,6.86
4068,1,30.97,8.9
4069,3,29.16,7.18
4070,1,35.76,9.16
4071,1,33.3,8.98
4072,1,27.38,9.08
4073,3,22.3,7.57
4074,1,29.39,7.32
4075,1,15.83,4.78
4076,1,23.02,6.43
4077,3,23.87,9.24
4078,1,25.5,8.49
4079,1,19.04,5.94
4080,1,25.46,8.76
4081,1,19.52,5.59
4082,3,22.39,7.1
4083,1,27.64,7.9
4084,3,36.87,11.43
4085,1,32.75,9.92
4086,1,15.36,4.61
4087,2,24.24,6.75
4088,1,26.96,8.67
4089,1,29.04,7.89
4090,1,26.43,6.87
4091,2,24.96,6.61
4092,2,33.37,9.04
4093,1,26.7,8.78
4094,2,19.49,5.13
4095,1,36.62,10.91
4096,2,25.55,8.63
4097,3,23.33,5.65
4098,1,22.73,7.11
4099,1,31.25,8.14
4100,3,29.86,9.02
4101,1,25.83,9.75
4102,2,18.9,6.1
4103,2,27.02,7.43
4104,1,34.07,10.67
4105,2,28.77,7.89
4106,1,30.14,9.56
4107,1,26,6.45
4108,3,34.83,10.46
4109,1,29.74,7.55
4110,1,23.81,6.46
4111,2,32.06,9.27
4112,2,29.44,8.87
4113,1,23.29,6.19
4114,2,25.17,8.9
4115,1,25.75,7.9
4116,3,25.74,8.86
4117,1,26.15,8.84
4118,1,24.17,6.71
4119,1,28.72,9.12
4120,1,17.63,5.58
4121,2,30.14,7.68
4122,1,32.31,10.28
4123,2,29.77,7.15
4124,1,27.49,7.47
4125,2,34.12,11.65
4126,2,29.1,9.35
4127,3,26.59,9.5
4128,1,28.28,9.14
4129,1,28.02,7.3
4130,2,23.8,7.02
4131,3,27.51,8.46
4132,1,39.3,9.44
4133,3,36.94,13.29
4134,1,27.6,9.24
4135,2,32.05,8.59
4136,1,23.73,7.12
4137,2,27.47,8.6
4138,1,19.56,5.88
4139,1,28.24,8.57
4140,1,30.78,9.18
4141,3,19.84,6.5
4142,1,30.84,10.26
4143,1,22.22,5.32
4144,1,15.19,3.97
4145,3,24.41,7.55
4146,1,25.44,8.89
4147,2,25.5,8.82
4148,2,28.41,7.5
4149,2,20.33,6.61
4150,1,18.21,4.84
4151,3,31.11,11.18
4152,3,22.22,6.64
4153,2,24.92,8.4
4154,1,25.15,6.66
4155,1,23.9,6.92
4156,1,23.54,8.32
4157,1,29.14,10.53
4158,2,30.96,10.17
4159,3,28.09,10.35
4160,1,31.34,7.77
4161,3,27.46,8.1
4162,3,19.13,6.33
4163,1,31.5,8.36
4164,3,28.79,8.07
4165,2,27.58,7.13
4166,3,32.64,9.36
4167,1,29.67,7.77
4168,2,22.66,6.18
4169,3,23.98,6.01
4170,2,42.08,13.58
4171,1,17.87,6.03
4172,1,35.74,11.41
4173,1,17.33,5.95
4174,2,34.24,11.86
4175,1,30.3,7.82
4176,1,23.69,7.15
4177,1,29.71,8.13
4178,1,30.59,9.01
4179,2,29.62,9.22
4180,1,22.62,6.99
4181,1,30.54,10.5
4182,1,27.8,7.44
4183,1,18.01,5.32
4184,1,33.25,8.27
4185,2,24.76,7.68
4186,2,29.24,9.01
4187,1,20.77,5.99
4188,1,22.91,6.75
4189,1,23.97,7.3
4190,1,27.61,5.73
4191,1,24.19,8
4192,3,21.39,6.47
4193,1,26.62,8.28
4194,1,20.74,6.42
4195,3,34.02,10.27
4196,1,30.54,8.9
4197,1,34.66,9.75
4198,1,27.48,7.61
4199,2,22.06,7.99
4200,1,27.89,6.64
4201,1,23.19,6.75
4202,1,29.98,8.06
4203,1,19.71,6.67
4204,2,22.74,5.99
4205,1,19.99,5.97
4206,1,23.52,8.81
4207,1,25.99,8.35
4208,2,30.51,11.62
4209,2,32.49,9.36
4210,2,25.78,8.07
4211,1,21.74,6.82
4212,1,34.28,6.8
4213,3,37.87,9.95
4214,1,25.29,7.43
4215,1,18.48,5.81
4216,1,29.24,8.14
4217,1,36.35,12.24
4218,3,31.89,8.9
4219,2,34.1,7.63
4220,1,25.42,7.3
4221,1,24.77,8.7
4222,2,31.17,10.53
4223,2,23.84,7.64
4224,1,19.68,5.79
4225,1,34.56,9.8
4226,1,24.78,8.41
4227,2,23.1,7.25
4228,1,40.22,10.75
4229,1,32.2,10.13
4230,2,35.05,8.69
4231,2,21.47,6.74
4232,3,24.43,7.1
4233,1,18.62,6.07
4234,3,28.34,9.88
4235,2,27.77,7.56
4236,3,28.27,7.9
4237,1,32.54,10.34
4238,1,28.08,7.37
4239,2,20.62,5.93
4240,2,32.66,9.4
4241,2,24.95,6.56
4242,1,24.1,8.47
4243,1,35.52,9.97
4244,2,26.41,8.55
4245,1,30.77,8.1
4246,1,26.58,8.14
4247,1,18.51,5.42
4248,1,29.56,8.24
4249,1,34.87,11.35
4250,3,28.43,8.58
4251,1,22.1,7.39
4252,3,26.23,7.81
4253,1,21.85,7.37
4254,1,27.41,9.85
4255,1,32.14,9.99
4256,1,26.47,7.54
4257,3,22.95,6.65
4258,1,28.61,9.36
4259,1,28.36,11.76
4260,1,38.65,12.69
4261,1,30.19,7.92
4262,1,21.49,6.65
4263,3,32.47,10.31
4264,2,23.74,6.33
4265,1,29.92,8.4
4266,1,21.78,5.91
4267,1,24.85,5.66
4268,2,22.32,6.94
4269,1,26.44,8.3
4270,2,28.77,9.9
4271,2,26.89,7.38
4272,3,22.8,6.59
4273,1,26.21,7.56
4274,1,23.61,6.59
4275,1,31.51,10.39
4276,3,28.97,9.19
4277,2,24.55,7.25
4278,3,15.58,4.37
4279,1,24.32,7.03
4280,1,19.07,6.52
4281,1,25.65,8.63
4282,1,35.58,13.25
4283,2,30.41,9.79
4284,3,31.22,8.66
4285,1,30.53,8.46
4286,1,26.66,7.09
4287,1,23.07,8.2
4288,1,32.71,9.21
4289,1,27.89,8.31
4290,2,29.74,9.64
4291,2,31.13,10.05
4292,2,28.91,8.05
4293,2,22.38,7.14
4294,1,31.44,8.05
4295,2,26.51,6.21
4296,1,24.28,7.94
4297,1,30.56,8.55
4298,1,25.25,6.73
4299,2,29.8,7.8
4300,2,31.85,8.46
4301,1,22.05,7.32
4302,3,23.43,6.36
4303,2,36.19,12.99
4304,1,28.78,9.42
4305,1,23.57,7.34
4306,1,32.92,8.42
4307,3,37.27,12.38
4308,3,29.33,7.54
4309,2,22.12,6.47
4310,3,18.14,5.6
4311,1,32.52,8.5
4312,3,36.76,12.13
4313,1,27.75,9.24
4314,2,13.7,4.05
4315,3,23.67,6.66
4316,3,24.55,7.24
4317,1,25.08,6.93
4318,1,36.46,9.82
4319,1,36.01,9.09
4320,1,19.67,5.49
4321,1,28.04,6.47
4322,1,28.5,9.33
4323,1,27.53,9.26
4324,1,22.79,8.65
4325,1,29.66,5.85
4326,2,23.03,6.82
4327,1,30.17,10.07
4328,1,28.56,7.44
4329,2,18.36,4.81
4330,3,22.32,5.69
4331,1,28.81,7.68
4332,2,27.54,9.2
4333,1,35.3,10.21
4334,1,19.77,6.4
4335,1,20.27,5.82
4336,1,33.93,10.13
4337,3,34.4,8.48
4338,1,26.42,6.76
4339,1,12.62,4.13
4340,1,22.68,6.9
4341,1,36.37,9.58
4342,3,21.39,5.18
4343,2,35.81,9.25
4344,1,20.55,5.68
4345,1,35.87,8.62
4346,1,28.27,7.37
4347,1,35.28,10.69
4348,1,26.63,8.03
4349,1,27.72,8.62
4350,1,29.81,8.02
4351,1,25.86,9.58
4352,2,31.73,9.57
4353,2,36.3,9.32
4354,1,34.07,11.33
4355,2,38.22,11.66
4356,1,25.16,8.06
4357,1,23.13,7.34
4358,2,33.52,10.56
4359,1,25.23,6.67
4360,3,19.21,5.35
4361,3,19.87,5.55
4362,2,18.64,5.47
4363,1,32.99,9.51
4364,1,16.15,5.36
4365,2,29.09,8.09
4366,1,22.21,6.1
4367,1,33.86,11.96
4368,1,35.04,9.13
4369,1,18.51,5.73
4370,1,32.85,8.81
4371,1,22.57,5.59
4372,2,18.67,4.98
4373,1,17.68,5.04
4374,3,21.77,5.79
4375,3,24.9,7.38
4376,2,25.06,6.38
4377,1,27.15,9.44
4378,3,25.91,6.68
4379,2,29.78,7.42
4380,1,32.2,8.61
4381,2,22.71,8.18
4382,1,29.74,9.62
4383,1,24.02,6.26
4384,3,26.99,9.58
4385,2,28.31,7.73
4386,1,34.49,12.01
4387,1,30.33,10.3
4388,3,27.1,8.18
4389,3,33.76,11.63
4390,1,26.11,8.22
4391,1,33.09,9.58
4392,1,22.98,5.91
4393,3,26.2,7.42
4394,1,24.81,8.62
4395,2,23.67,6.84
4396,1,26.66,8.11
4397,2,29.16,9.62
4398,1,30.88,11.09
4399,1,32.68,8.78
4400,1,28.47,7.52
4401,1,19.54,5.72
4402,2,19.16,6.49
4403,1,21,6.35
4404,1,30.63,8.83
4405,1,40.21,12.47
4406,2,37.14,12.49
4407,1,32.16,8.99
4408,1,33.45,12.27
4409,1,20.52,6.22
4410,1,25.87,7.5
4411,1,29.1,9.06
4412,3,32.4,9.63
4413,1,28.92,9.49
4414,1,22.5,8.35
4415,1,36.41,12.17
4416,1,27.79,9.08
4417,1,18.14,4.22
4418,3,15.94,4.85
4419,1,25.54,9.33
4420,2,30.57,9.4
4421,1,31.04,10.11
4422,2,26.85,8.02
4423,1,36.27,10.59
4424,2,31.2,8.79
4425,1,35.5,10.6
4426,2,28.67,8.43
4427,3,25.69,7.44
4428,1,26.31,7.43
4429,2,36.15,10.96
4430,3,26.8,7.71
4431,1,24.47,10.27
4432,1,28.35,8.33
4433,1,18.16,5
4434,3,24.22,7.03
4435,2,29.08,9.14
4436,2,24.85,7.37
4437,1,20.83,6.43
4438,3,23.15,6.55
4439,1,23.2,7.59
4440,3,19.66,6.03
4441,1,17.55,5.77
4442,1,21.54,7.11
4443,1,27.28,7.88
4444,1,30.86,8.71
4445,1,30.32,10.14
4446,1,21.13,4.75
4447,3,14.94,3.64
4448,2,16.76,5.68
4449,1,28.06,8.78
4450,3,30.91,9.82
4451,1,23.33,6.89
4452,1,25.57,6.99
4453,1,29.82,11.29
4454,1,23.28,5.64
4455,1,29.99,9.55
4456,1,28.22,6.71
4457,1,21.11,6.19
4458,3,34.27,11.62
4459,1,25.4,6.43
4460,3,24.99,6.22
4461,3,29.22,8.56
4462,1,31.03,9.91
4463,2,27.95,9.16
4464,1,38.96,10.57
4465,2,25.01,8
4466,1,26.43,7.86
4467,3,33.38,9.13
4468,2,23.55,7.31
4469,3,27.79,7.92
4470,1,36.68,12.28
4471,1,25.56,9.07
4472,3,25.26,7.23
4473,2,34.67,10.32
4474,1,36.55,10.68
4475,1,21.66,6.12
4476,1,29.38,10.73
4477,3,42.34,14.46
4478,3,24.63,6.85
4479,1,30.42,10.2
4480,2,27.09,6.58
4481,1,33.76,8.59
4482,1,31.62,10.37
4483,1,30.86,9.4
4484,3,23.6,6.77
4485,3,23.18,5.01
4486,3,27.51,7.84
4487,1,36.54,10.2
4488,3,24.24,7.25
4489,1,22.26,5.38
4490,1,32.1,8.35
4491,1,26.52,8.59
4492,1,17.51,5.75
4493,1,28.81,9.11
4494,3,24.39,6.67
4495,3,26.8,6.87
4496,1,23.94,5.91
4497,1,36.24,10.54
4498,1,29.95,10.06
4499,1,29.28,8.86
4500,1,33.11,8.71
4501,3,35.03,10.58
4502,3,32.02,10.67
4503,2,30.02,11.01
4504,1,26.63,8.37
4505,3,28.89,7.22
4506,3,18.95,5.81
4507,2,21.28,7.02
4508,3,20.27,6.49
4509,1,27.83,8.67
4510,3,26.54,7.32
4511,3,32.75,9.99
4512,1,28.71,9.48
4513,1,30.21,8.28
4514,1,24.36,7.49
4515,1,25.17,7.85
4516,1,20.02,6.74
4517,1,34.06,10.88
4518,1,23.51,4.95
4519,1,20.07,7.45
4520,1,29.67,9.52
4521,3,20.55,5.88
4522,1,41.95,11.45
4523,2,25.37,7.91
4524,1,21.33,5.8
4525,1,15.69,4.57
4526,1,27.93,8.92
4527,3,23.49,8.24
4528,1,36.18,10.9
4529,1,34.24,11.71
4530,1,21.09,5.81
4531,1,24.74,6.39
4532,1,27.18,9.67
4533,1,31.91,8.93
4534,2,19.8,6.69
4535,1,24.72,5.68
4536,3,32.77,9.8
4537,1,24.97,8.99
4538,2,23,7.91
4539,1,29.46,7.86
4540,2,30.28,10.35
4541,3,21.02,5.91
4542,2,20.36,6.28
4543,1,32.41,9.29
4544,1,24.52,5.85
4545,2,25.24,9.08
4546,1,25.88,7.68
4547,1,26.95,7.95
4548,3,34.33,13.04
4549,3,17.75,5.16
4550,3,31.82,10.56
4551,2,31.02,8.74
4552,3,29.48,7.87
4553,1,23.89,7.73
4554,1,21.83,6.85
4555,3,27.59,7.98
4556,1,31.1,8.04
4557,2,25.65,7.09
4558,1,31.17,8.66
4559,1,28.49,7.15
4560,1,29.6,8.06
4561,1,32.78,10.18
4562,1,14.17,4.51
4563,2,18.55,5.95
4564,1,27.98,6.78
4565,1,31.92,9.15
4566,1,22.09,5.97
4567,1,22.15,6.32
4568,3,25.93,10.03
4569,1,29.59,10.75
4570,1,24.29,6.44
4571,1,32.35,9.11
4572,1,26.05,8.82
4573,1,24.34,7.9
4574,2,30.83,9.21
4575,1,28.14,7.96
4576,2,29.88,7.78
4577,2,25.03,7.91
4578,1,35.02,8.61
4579,2,30.97,9.5
4580,1,27.26,8.84
4581,1,20.84,5.92
4582,2,29.76,8.39
4583,1,27.78,8.47
4584,1,22.3,7.65
4585,1,28.81,8.5
4586,1,23.5,6.31
4587,1,39.42,11.96
4588,2,18.61,6.36
4589,1,28.91,9.69
4590,2,32.21,9.78
4591,1,33.04,11.25
4592,1,31.9,7.31
4593,3,23.27,4.73
4594,1,23.4,5.86
4595,1,28.61,9.79
4596,1,29.65,8.37
4597,2,31.11,11.16
4598,1,30.23,10.17
4599,2,31.89,6.74
4600,1,22.83,6.36
4601,1,25.33,5.87
4602,1,23.17,8.02
4603,1,30.23,8.77
4604,3,23.66,6.81
4605,1,20.33,5.69
4606,1,20.43,4.98
4607,1,27.33,9.4
4608,1,32.37,6.91
4609,3,20.21,6.29
4610,1,30.91,8.49
4611,2,28.07,8.45
4612,1,24.92,5.76
4613,3,26.8,8.28
4614,3,30.97,9.83
4615,1,42.96,10.73
4616,3,32.82,11.94
4617,3,27.43,6.91
4618,3,28.35,8.88
4619,1,40.97,13.93
4620,2,27.38,8.16
4621,1,32.93,10.79
4622,1,24.33,7.42
4623,1,30.49,7.64
4624,1,23.27,8.04
4625,1,38.12,14.3
4626,3,21.22,6.15
4627,1,31.53,9.44
4628,1,25.1,8.01
4629,1,35.98,11.07
4630,1,27.7,8.09
4631,2,24.66,8.31
4632,2,33.36,12.64
4633,1,26.21,7.29
4634,3,18.92,5.4
4635,3,30.47,10.33
4636,1,28.9,7.28
4637,1,25.72,8.62
4638,1,14.85,3.8
4639,3,18.57,4.17
4640,2,32.75,9.58
4641,1,33.46,11.44
4642,3,35.57,10.56
4643,1,27.69,8.41
4644,1,32.94,9.77
4645,1,23.69,7.31
4646,1,24.05,7.54
4647,1,33.51,9.63
4648,3,23.6,8.25
4649,1,27.84,8.58
4650,3,18.31,6.1
4651,1,32.8,12.33
4652,1,18.58,5.15
4653,2,25.97,8.41
4654,3,35.09,10.62
4655,1,33.07,9.82
4656,1,31.84,10.42
4657,2,36.96,14.12
4658,2,31.8,11.07
4659,3,26.47,8.33
4660,1,15.89,4.88
4661,1,29.53,7.4
4662,3,36.4,9.83
4663,1,25.49,7.9
4664,1,27.3,7.72
4665,3,31.63,9.96
4666,2,14.57,4.1
4667,2,28.13,9.3
4668,2,37.27,11.45
4669,1,20.41,5.2
4670,2,30.93,9.05
4671,1,30.29,9.57
4672,1,9.46,3.09
4673,2,22.96,8.17
4674,3,12.32,3.74
4675,1,34.52,11.38
4676,1,36.15,12.15
4677,1,20.98,5.94
4678,2,32.23,9.59
4679,1,35.88,10.83
4680,1,36.77,10.33
4681,1,36.08,11.65
4682,1,28.73,10.78
4683,1,26.11,8.03
4684,1,33.23,10.07
4685,1,19.25,5.53
4686,1,30.23,8.31
4687,1,26.06,8.45
4688,1,29.54,9.35
4689,1,24.98,8.19
4690,1,27.42,9.3
4691,1,35.84,11
4692,3,26.16,6.7
4693,1,24.42,5.98
4694,2,37.39,11.27
4695,1,28.79,7.8
4696,1,21.64,8.01
4697,1,20.72,6.1
4698,3,24.57,7.48
4699,1,22.72,6.03
4700,1,28.62,8.67
4701,1,28.92,9.42
4702,2,30.27,8.13
4703,2,34.71,10.69
4704,1,20.63,5.9
4705,2,33.38,9.38
4706,3,25.71,8.28
4707,2,17.9,7.76
4708,1,36.18,10.61
4709,3,19.8,5.49
4710,3,21.18,5.97
4711,3,30.59,9.39
4712,2,27.36,8.41
4713,2,19.56,6.46
4714,2,24.92,7.27
4715,3,33.08,11.11
4716,2,28.86,8.82
4717,1,26.07,8.7
4718,3,21.71,5.46
4719,1,33.29,10.76
4720,1,26.01,6.64
4721,3,35.07,9.06
4722,1,42.04,12.84
4723,1,22.4,6.91
4724,1,27.06,8.25
4725,3,18.6,5.42
4726,1,18.22,5.9
4727,1,21.05,6.37
4728,1,15.76,5.38
4729,2,33.71,11.88
4730,2,24.76,6.53
4731,1,23.98,7.21
4732,1,30.15,8.79
4733,2,25.56,7.69
4734,3,28.05,10.27
4735,3,25.08,6.84
4736,1,29.38,8.51
4737,1,24.29,6.8
4738,1,20.1,5.3
4739,1,23.07,4.58
4740,1,30.5,8.26
4741,1,22.82,7.09
4742,3,29.96,8.69
4743,1,37.66,10.01
4744,3,28.27,7.89
4745,1,37.97,10.98
4746,1,33.28,9.61
4747,2,23.97,6.82
4748,3,27.39,7.97
4749,1,28.7,7.5
4750,2,22.25,6.39
4751,1,19.54,5.05
4752,1,24.03,7.58
4753,2,27.62,8.29
4754,3,26.44,6.93
4755,1,24.2,7.36
4756,1,24.28,6.97
4757,2,25.85,7.59
4758,1,23.33,7.13
4759,2,27.47,9.03
4760,2,29,10.68
4761,1,29.21,9.41
4762,3,35.82,12.93
4763,1,21.29,6.64
4764,1,35.1,13.47
4765,2,26.67,7.82
4766,1,28.44,8.21
4767,1,21,6.44
4768,2,33.3,6.74
4769,1,22.91,5.63
4770,1,32.32,12.34
4771,3,33.42,9.51
4772,1,20.74,7.4
4773,1,36.76,11.46
4774,3,30.87,9.73
4775,1,34.94,9.69
4776,1,32.78,9.59
4777,3,28.35,8.65
4778,3,35.22,10.99
4779,1,34.91,11.76
4780,3,35.39,10.41
4781,2,30.34,8.65
4782,3,21.37,6.02
4783,1,23.3,7.87
4784,1,26.68,7.55
4785,1,26.84,9.51
4786,1,24.97,6.88
4787,2,22.79,5.57
4788,3,31.05,9.23
4789,2,27.93,8.98
4790,1,30.11,10.63
4791,1,30.76,11.65
4792,1,26.6,8.55
4793,1,24.24,8.26
4794,1,25.92,9.08
4795,1,31.04,10.83
4796,3,33.02,10.27
4797,1,15.98,5.11
4798,1,25.43,7.53
4799,3,19.74,6.71
4800,1,31.1,9.82
4801,1,27.14,7.6
4802,3,38.48,9.96
4803,1,31.43,9.86
4804,2,37.71,10.67
4805,1,26.14,7.98
4806,1,31.39,6.68
4807,1,26.11,7.88
4808,1,28.69,8.67
4809,3,32.13,9.25
4810,1,24.94,6.73
4811,1,30.81,7.4
4812,3,35.52,9.35
4813,1,32.75,9.63
4814,1,24.89,7.96
4815,2,23.61,7.48
4816,2,21.91,5.94
4817,1,27.98,8.53
4818,2,31.14,9.46
4819,2,25.18,7.04
4820,1,32.68,9.17
4821,3,29.23,10.18
4822,2,40.55,14.4
4823,2,30.82,7.72
4824,1,25.31,7.3
4825,1,31.1,9.37
4826,2,16.2,4.25
4827,1,25.65,7.15
4828,2,11.86,4.06
4829,2,36.2,11.02
4830,1,31.81,10.86
4831,1,20.78,6.83
4832,2,25.66,6.29
4833,2,25.83,8.22
4834,1,38.43,10.52
4835,2,11.18,4.07
4836,1,36.47,11.27
4837,3,26.75,6.17
4838,3,24.82,6.45
4839,1,31.98,8.87
4840,1,32.49,10.67
4841,1,24.24,7.52
4842,3,22.31,6.12
4843,1,28.74,9
4844,1,36.34,9.07
4845,2,27.07,7.69
4846,3,27.48,7.45
4847,1,19.69,6.92
4848,1,24.1,9.13
4849,3,22.03,6.65
4850,1,25.91,8.87
4851,1,31.18,8.03
4852,3,35.38,10.02
4853,2,24.23,6.74
4854,1,34.32,8.56
4855,1,17.48,6.28
4856,3,22.95,7
4857,1,38.24,13.34
4858,2,18.64,4.8
4859,1,33.2,9.03
4860,1,29.31,7.03
4861,3,30.91,7.12
4862,1,17.83,4.86
4863,2,24.83,6.88
4864,1,25.68,9.2
4865,1,33.07,9.2
4866,3,35.73,10.99
4867,1,21.09,6.72
4868,1,34.17,9.7
4869,1,31.42,9.13
4870,1,32.58,8.2
4871,3,21.81,5.83
4872,1,24.31,7.79
4873,1,26.8,7.7
4874,1,36.02,8.61
4875,2,32.47,7.88
4876,2,31.26,9.43
4877,2,34.95,12.52
4878,1,44.77,12.25
4879,2,32.84,7.97
4880,1,21.59,5.72
4881,3,28.27,7.63
4882,3,29.37,9.68
4883,1,24.2,6.56
4884,1,37.57,10.91
4885,1,21.7,7.77
4886,1,23.2,6.98
4887,2,28.78,9.15
4888,1,22.57,7.28
4889,3,32.02,10.1
4890,1,26.24,8.48
4891,3,31.09,9.45
4892,1,22.84,7.24
4893,1,29.75,10.71
4894,1,29.89,8.61
4895,1,19.51,6.16
4896,1,23.13,6.45
4897,3,21.59,7.6
4898,3,27.29,8.53
4899,3,29.23,9.96
4900,1,22.15,5.95
4901,3,16.87,4.42
4902,3,34.15,11.03
4903,1,24.49,8.73
4904,1,17.11,5.17
4905,1,22.51,6.3
4906,2,23.18,6.19
4907,1,28.1,8.87
4908,1,35.4,10.71
4909,1,29.51,8.72
4910,1,22.2,6.39
4911,3,26.14,8.4
4912,1,26.53,8.04
4913,2,21.83,5.66
4914,1,20.33,7.97
4915,1,29.67,9.28
4916,3,21.02,5.2
4917,2,27.3,8.17
4918,1,25.29,6.83
4919,2,23.42,7.43
4920,1,28.62,7.78
4921,1,28.4,6.73
4922,2,40.05,10.54
4923,1,28.86,8.87
4924,1,12.45,4.02
4925,3,27.91,8.07
4926,3,25.57,7.01
4927,1,32.29,10.73
4928,2,28.36,7.5
4929,1,27.54,9.63
4930,1,21.43,8.35
4931,1,27.27,6.75
4932,2,30.41,9.78
4933,1,30.95,9.16
4934,1,31.18,7.74
4935,1,26.45,8.67
4936,3,36.29,11.69
4937,1,17.2,6.73
4938,1,28.29,8.53
4939,1,33.95,10.45
4940,2,27.82,8.56
4941,1,26.4,7.89
4942,2,25.91,8
4943,1,29.16,9.52
4944,1,20.16,6.71
4945,1,25.25,5.12
4946,1,27.97,6.76
4947,1,38.38,14.08
4948,1,26.95,8.95
4949,1,29.34,7.96
4950,2,30.22,8.17
4951,1,23.5,7.97
4952,3,21.99,6.92
4953,3,27.89,8.28
4954,2,23,7.71
4955,1,23.23,6.9
4956,1,33.42,10.32
4957,2,13.25,3.81
4958,3,27.76,8.82
4959,2,34.01,10.47
4960,2,34.37,7.89
4961,1,9.88,3.01
4962,1,21.51,7.48
4963,3,22.1,6.41
4964,1,22.96,7.63
4965,1,31.59,8.45
4966,3,33.95,10.14
4967,1,18.74,5.99
4968,3,17.49,4.6
4969,1,33.8,9.93
4970,1,25.92,8.31
4971,2,27.94,7.27
4972,3,21.23,5.77
4973,1,27.31,7.78
4974,1,26.42,8.2
4975,2,26.06,8.45
4976,1,26.5,7.8
4977,1,26.81,7.49
4978,1,28.44,8.45
4979,2,27.59,8.9
4980,1,18.18,5.52
4981,1,23.81,7.64
4982,1,23.51,7.39
4983,3,24.08,8.7
4984,1,29.49,7.65
4985,1,26.57,7.88
4986,1,32.8,10.07
4987,1,37.45,12.81
4988,1,29.37,5.51
4989,1,23.7,7.5
4990,1,34.56,11.15
4991,2,37.83,10.03
4992,3,34.76,11.58
4993,1,31.75,10.16
4994,1,24.33,7.29
4995,2,25.2,7.22
4996,3,29.07,8.26
4997,1,26.95,8.65
4998,2,33.05,12.1
4999,1,25.77,7.73
5000,1,22.41,7.5